URL,Class
이미지/페트병(색)/a (1).jpg,0
이미지/페트병(색)/a (2).jpg,0
이미지/페트병(색)/a (3).jpg,0
이미지/페트병(색)/a (4).jpg,0
이미지/페트병(색)/a (5).jpg,0
이미지/페트병(색)/a (6).jpg,0
이미지/페트병(색)/a (7).jpg,0
이미지/페트병(색)/a (8).jpg,0
이미지/페트병(색)/a (9).jpg,0
이미지/페트병(색)/a (10).jpg,0
이미지/페트병(색)/a (11).jpg,0
이미지/페트병(색)/a (12).jpg,0
이미지/페트병(색)/a (13).jpg,0
이미지/페트병(색)/a (14).jpg,0
이미지/페트병(색)/a (15).jpg,0
이미지/페트병(색)/a (16).jpg,0
이미지/페트병(색)/a (17).jpg,0
이미지/페트병(색)/a (18).jpg,0
이미지/페트병(색)/a (19).jpg,0
이미지/페트병(색)/a (20).jpg,0
이미지/페트병(색)/a (21).jpg,0
이미지/페트병(색)/a (22).jpg,0
이미지/페트병(색)/a (23).jpg,0
이미지/페트병(색)/a (24).jpg,0
이미지/페트병(색)/a (25).jpg,0
이미지/페트병(색)/a (26).jpg,0
이미지/페트병(색)/a (27).jpg,0
이미지/페트병(색)/a (28).jpg,0
이미지/페트병(색)/a (29).jpg,0
이미지/페트병(색)/a (30).jpg,0
이미지/페트병(색)/a (31).jpg,0
이미지/페트병(색)/a (32).jpg,0
이미지/페트병(색)/a (33).jpg,0
이미지/페트병(색)/a (34).jpg,0
이미지/페트병(색)/a (35).jpg,0
이미지/페트병(색)/a (36).jpg,0
이미지/페트병(색)/a (37).jpg,0
이미지/페트병(색)/a (38).jpg,0
이미지/페트병(색)/a (39).jpg,0
이미지/페트병(색)/a (40).jpg,0
이미지/페트병(색)/a (41).jpg,0
이미지/페트병(색)/a (42).jpg,0
이미지/페트병(색)/a (43).jpg,0
이미지/페트병(색)/a (44).jpg,0
이미지/페트병(색)/a (45).jpg,0
이미지/페트병(색)/a (46).jpg,0
이미지/페트병(색)/a (47).jpg,0
이미지/페트병(색)/a (48).jpg,0
이미지/페트병(색)/a (49).jpg,0
이미지/페트병(색)/a (50).jpg,0
이미지/페트병(색)/a (51).jpg,0
이미지/페트병(색)/a (52).jpg,0
이미지/페트병(색)/a (53).jpg,0
이미지/페트병(색)/a (54).jpg,0
이미지/페트병(색)/a (55).jpg,0
이미지/페트병(색)/a (56).jpg,0
이미지/페트병(색)/a (57).jpg,0
이미지/페트병(색)/a (58).jpg,0
이미지/페트병(색)/a (59).jpg,0
이미지/페트병(색)/a (60).jpg,0
이미지/페트병(색)/a (61).jpg,0
이미지/페트병(색)/a (62).jpg,0
이미지/페트병(색)/a (63).jpg,0
이미지/페트병(색)/a (64).jpg,0
이미지/페트병(색)/a (65).jpg,0
이미지/페트병(색)/a (66).jpg,0
이미지/페트병(색)/a (67).jpg,0
이미지/페트병(색)/a (68).jpg,0
이미지/페트병(색)/a (69).jpg,0
이미지/페트병(색)/a (70).jpg,0
이미지/페트병(색)/a (71).jpg,0
이미지/페트병(색)/a (72).jpg,0
이미지/페트병(색)/a (73).jpg,0
이미지/페트병(색)/a (74).jpg,0
이미지/페트병(색)/a (75).jpg,0
이미지/페트병(색)/a (76).jpg,0
이미지/페트병(색)/a (77).jpg,0
이미지/페트병(색)/a (78).jpg,0
이미지/페트병(색)/a (79).jpg,0
이미지/페트병(색)/a (80).jpg,0
이미지/페트병(색)/a (81).jpg,0
이미지/페트병(색)/a (82).jpg,0
이미지/페트병(색)/a (83).jpg,0
이미지/페트병(색)/a (84).jpg,0
이미지/페트병(색)/a (85).jpg,0
이미지/페트병(색)/a (86).jpg,0
이미지/페트병(색)/a (87).jpg,0
이미지/페트병(색)/a (88).jpg,0
이미지/페트병(색)/a (89).jpg,0
이미지/페트병(색)/a (90).jpg,0
이미지/페트병(색)/a (91).jpg,0
이미지/페트병(색)/a (92).jpg,0
이미지/페트병(색)/a (93).jpg,0
이미지/페트병(색)/a (94).jpg,0
이미지/페트병(색)/a (95).jpg,0
이미지/페트병(색)/a (96).jpg,0
이미지/페트병(색)/a (97).jpg,0
이미지/페트병(색)/a (98).jpg,0
이미지/페트병(색)/a (99).jpg,0
이미지/페트병(색)/a (100).jpg,0
이미지/페트병(색)/a (101).jpg,0
이미지/페트병(색)/a (102).jpg,0
이미지/페트병(색)/a (103).jpg,0
이미지/페트병(색)/a (104).jpg,0
이미지/페트병(색)/a (105).jpg,0
이미지/페트병(색)/a (106).jpg,0
이미지/페트병(색)/a (107).jpg,0
이미지/페트병(색)/a (108).jpg,0
이미지/페트병(색)/a (109).jpg,0
이미지/페트병(색)/a (110).jpg,0
이미지/페트병(색)/a (111).jpg,0
이미지/페트병(색)/a (112).jpg,0
이미지/페트병(색)/a (113).jpg,0
이미지/페트병(색)/a (114).jpg,0
이미지/페트병(색)/a (115).jpg,0
이미지/페트병(색)/a (116).jpg,0
이미지/페트병(색)/a (117).jpg,0
이미지/페트병(색)/a (118).jpg,0
이미지/페트병(색)/a (119).jpg,0
이미지/페트병(색)/a (120).jpg,0
이미지/페트병(색)/a (121).jpg,0
이미지/페트병(색)/a (122).jpg,0
이미지/페트병(색)/a (123).jpg,0
이미지/페트병(색)/a (124).jpg,0
이미지/페트병(색)/a (125).jpg,0
이미지/페트병(색)/a (126).jpg,0
이미지/페트병(색)/a (127).jpg,0
이미지/페트병(색)/a (128).jpg,0
이미지/페트병(색)/a (129).jpg,0
이미지/페트병(색)/a (130).jpg,0
이미지/페트병(색)/a (131).jpg,0
이미지/페트병(색)/a (132).jpg,0
이미지/페트병(색)/a (133).jpg,0
이미지/페트병(색)/a (134).jpg,0
이미지/페트병(색)/a (135).jpg,0
이미지/페트병(색)/a (136).jpg,0
이미지/페트병(색)/a (137).jpg,0
이미지/페트병(색)/a (138).jpg,0
이미지/페트병(색)/a (139).jpg,0
이미지/페트병(색)/a (140).jpg,0
이미지/페트병(색)/a (141).jpg,0
이미지/페트병(색)/a (142).jpg,0
이미지/페트병(색)/a (143).jpg,0
이미지/페트병(색)/a (144).jpg,0
이미지/페트병(색)/a (145).jpg,0
이미지/페트병(색)/a (146).jpg,0
이미지/페트병(색)/a (147).jpg,0
이미지/페트병(색)/a (148).jpg,0
이미지/페트병(색)/a (149).jpg,0
이미지/페트병(색)/a (150).jpg,0
이미지/페트병(색)/a (151).jpg,0
이미지/페트병(색)/a (152).jpg,0
이미지/페트병(색)/a (153).jpg,0
이미지/페트병(색)/a (154).jpg,0
이미지/페트병(색)/a (155).jpg,0
이미지/페트병(색)/a (156).jpg,0
이미지/페트병(색)/a (157).jpg,0
이미지/페트병(색)/a (158).jpg,0
이미지/페트병(색)/a (159).jpg,0
이미지/페트병(색)/a (160).jpg,0
이미지/페트병(색)/a (161).jpg,0
이미지/페트병(색)/a (162).jpg,0
이미지/페트병(색)/a (163).jpg,0
이미지/페트병(색)/a (164).jpg,0
이미지/페트병(색)/a (165).jpg,0
이미지/페트병(색)/a (166).jpg,0
이미지/페트병(색)/a (167).jpg,0
이미지/페트병(색)/a (168).jpg,0
이미지/페트병(색)/a (169).jpg,0
이미지/페트병(색)/a (170).jpg,0
이미지/페트병(색)/a (171).jpg,0
이미지/페트병(색)/a (172).jpg,0
이미지/페트병(색)/a (173).jpg,0
이미지/페트병(색)/a (174).jpg,0
이미지/페트병(색)/a (175).jpg,0
이미지/페트병(색)/a (176).jpg,0
이미지/페트병(색)/a (177).jpg,0
이미지/페트병(색)/a (178).jpg,0
이미지/페트병(색)/a (179).jpg,0
이미지/페트병(색)/a (180).jpg,0
이미지/페트병(색)/a (181).jpg,0
이미지/페트병(색)/a (182).jpg,0
이미지/페트병(색)/a (183).jpg,0
이미지/페트병(색)/a (184).jpg,0
이미지/페트병(색)/a (185).jpg,0
이미지/페트병(색)/a (186).jpg,0
이미지/페트병(색)/a (187).jpg,0
이미지/페트병(색)/a (188).jpg,0
이미지/페트병(색)/a (189).jpg,0
이미지/페트병(색)/a (190).jpg,0
이미지/페트병(색)/a (191).jpg,0
이미지/페트병(색)/a (192).jpg,0
이미지/페트병(색)/a (193).jpg,0
이미지/페트병(색)/a (194).jpg,0
이미지/페트병(색)/a (195).jpg,0
이미지/페트병(색)/a (196).jpg,0
이미지/페트병(색)/a (197).jpg,0
이미지/페트병(색)/a (198).jpg,0
이미지/페트병(색)/a (199).jpg,0
이미지/페트병(색)/a (200).jpg,0
이미지/페트병(색)/a (201).jpg,0
이미지/페트병(색)/a (202).jpg,0
이미지/페트병(색)/a (203).jpg,0
이미지/페트병(색)/a (204).jpg,0
이미지/페트병(색)/a (205).jpg,0
이미지/페트병(색)/a (206).jpg,0
이미지/페트병(색)/a (207).jpg,0
이미지/페트병(색)/a (208).jpg,0
이미지/페트병(색)/a (209).jpg,0
이미지/페트병(색)/a (210).jpg,0
이미지/페트병(색)/a (211).jpg,0
이미지/페트병(색)/a (212).jpg,0
이미지/페트병(색)/a (213).jpg,0
이미지/페트병(색)/a (214).jpg,0
이미지/페트병(색)/a (215).jpg,0
이미지/페트병(색)/a (216).jpg,0
이미지/페트병(색)/a (217).jpg,0
이미지/페트병(색)/a (218).jpg,0
이미지/페트병(색)/a (219).jpg,0
이미지/페트병(색)/a (220).jpg,0
이미지/페트병(색)/a (221).jpg,0
이미지/페트병(색)/a (222).jpg,0
이미지/페트병(색)/a (223).jpg,0
이미지/페트병(색)/a (224).jpg,0
이미지/페트병(색)/a (225).jpg,0
이미지/페트병(색)/a (226).jpg,0
이미지/페트병(색)/a (227).jpg,0
이미지/페트병(색)/a (228).jpg,0
이미지/페트병(색)/a (229).jpg,0
이미지/페트병(색)/a (230).jpg,0
이미지/페트병(색)/a (231).jpg,0
이미지/페트병(색)/a (232).jpg,0
이미지/페트병(색)/a (233).jpg,0
이미지/페트병(색)/a (234).jpg,0
이미지/페트병(색)/a (235).jpg,0
이미지/페트병(색)/a (236).jpg,0
이미지/페트병(색)/a (237).jpg,0
이미지/페트병(색)/a (238).jpg,0
이미지/페트병(색)/a (239).jpg,0
이미지/페트병(색)/a (240).jpg,0
이미지/페트병(색)/a (241).jpg,0
이미지/페트병(색)/a (242).jpg,0
이미지/페트병(색)/a (243).jpg,0
이미지/페트병(색)/a (244).jpg,0
이미지/페트병(색)/a (245).jpg,0
이미지/페트병(색)/a (246).jpg,0
이미지/페트병(색)/a (247).jpg,0
이미지/페트병(색)/a (248).jpg,0
이미지/페트병(색)/a (249).jpg,0
이미지/페트병(색)/a (250).jpg,0
이미지/페트병(색)/a (251).jpg,0
이미지/페트병(색)/a (252).jpg,0
이미지/페트병(색)/a (253).jpg,0
이미지/페트병(색)/a (254).jpg,0
이미지/페트병(색)/a (255).jpg,0
이미지/페트병(색)/a (256).jpg,0
이미지/페트병(색)/a (257).jpg,0
이미지/페트병(색)/a (258).jpg,0
이미지/페트병(색)/a (259).jpg,0
이미지/페트병(색)/a (260).jpg,0
이미지/페트병(색)/a (261).jpg,0
이미지/페트병(색)/a (262).jpg,0
이미지/페트병(색)/a (263).jpg,0
이미지/페트병(색)/a (264).jpg,0
이미지/페트병(색)/a (265).jpg,0
이미지/페트병(색)/a (266).jpg,0
이미지/페트병(색)/a (267).jpg,0
이미지/페트병(색)/a (268).jpg,0
이미지/페트병(색)/a (269).jpg,0
이미지/페트병(색)/a (270).jpg,0
이미지/페트병(색)/a (271).jpg,0
이미지/페트병(색)/a (272).jpg,0
이미지/페트병(색)/a (273).jpg,0
이미지/페트병(색)/a (274).jpg,0
이미지/페트병(색)/a (275).jpg,0
이미지/페트병(색)/a (276).jpg,0
이미지/페트병(색)/a (277).jpg,0
이미지/페트병(색)/a (278).jpg,0
이미지/페트병(색)/a (279).jpg,0
이미지/페트병(색)/a (280).jpg,0
이미지/페트병(색)/a (281).jpg,0
이미지/페트병(색)/a (282).jpg,0
이미지/페트병(색)/a (283).jpg,0
이미지/페트병(색)/a (284).jpg,0
이미지/페트병(색)/a (285).jpg,0
이미지/페트병(색)/a (286).jpg,0
이미지/페트병(색)/a (287).jpg,0
이미지/페트병(색)/a (288).jpg,0
이미지/페트병(색)/a (289).jpg,0
이미지/페트병(색)/a (290).jpg,0
이미지/페트병(색)/a (291).jpg,0
이미지/페트병(색)/a (292).jpg,0
이미지/페트병(색)/a (293).jpg,0
이미지/페트병(색)/a (294).jpg,0
이미지/페트병(색)/a (295).jpg,0
이미지/페트병(색)/a (296).jpg,0
이미지/페트병(색)/a (297).jpg,0
이미지/페트병(색)/a (298).jpg,0
이미지/페트병(색)/a (299).jpg,0
이미지/페트병(색)/a (300).jpg,0
이미지/페트병(색)/a (301).jpg,0
이미지/페트병(색)/a (302).jpg,0
이미지/페트병(색)/a (303).jpg,0
이미지/페트병(색)/a (304).jpg,0
이미지/페트병(색)/a (305).jpg,0
이미지/페트병(색)/a (306).jpg,0
이미지/페트병(색)/a (307).jpg,0
이미지/페트병(색)/a (308).jpg,0
이미지/페트병(색)/a (309).jpg,0
이미지/페트병(색)/a (310).jpg,0
이미지/페트병(색)/a (311).jpg,0
이미지/페트병(색)/a (312).jpg,0
이미지/페트병(색)/a (313).jpg,0
이미지/페트병(색)/a (314).jpg,0
이미지/페트병(색)/a (315).jpg,0
이미지/페트병(색)/a (316).jpg,0
이미지/페트병(색)/a (317).jpg,0
이미지/페트병(색)/a (318).jpg,0
이미지/페트병(색)/a (319).jpg,0
이미지/페트병(색)/a (320).jpg,0
이미지/페트병(색)/a (321).jpg,0
이미지/페트병(색)/a (322).jpg,0
이미지/페트병(색)/a (323).jpg,0
이미지/페트병(색)/a (324).jpg,0
이미지/페트병(색)/a (325).jpg,0
이미지/페트병(색)/a (326).jpg,0
이미지/페트병(색)/a (327).jpg,0
이미지/페트병(색)/a (328).jpg,0
이미지/페트병(색)/a (329).jpg,0
이미지/페트병(색)/a (330).jpg,0
이미지/페트병(색)/a (331).jpg,0
이미지/페트병(색)/a (332).jpg,0
이미지/페트병(색)/a (333).jpg,0
이미지/페트병(색)/a (334).jpg,0
이미지/페트병(색)/a (335).jpg,0
이미지/페트병(색)/a (336).jpg,0
이미지/페트병(색)/a (337).jpg,0
이미지/페트병(색)/a (338).jpg,0
이미지/페트병(색)/a (339).jpg,0
이미지/페트병(색)/a (340).jpg,0
이미지/페트병(색)/a (341).jpg,0
이미지/페트병(색)/a (342).jpg,0
이미지/페트병(색)/a (343).jpg,0
이미지/페트병(색)/a (344).jpg,0
이미지/페트병(색)/a (345).jpg,0
이미지/페트병(색)/a (346).jpg,0
이미지/페트병(색)/a (347).jpg,0
이미지/페트병(색)/a (348).jpg,0
이미지/페트병(색)/a (349).jpg,0
이미지/페트병(색)/a (350).jpg,0
이미지/페트병(색)/a (351).jpg,0
이미지/페트병(색)/a (352).jpg,0
이미지/페트병(색)/a (353).jpg,0
이미지/페트병(색)/a (354).jpg,0
이미지/페트병(색)/a (355).jpg,0
이미지/페트병(색)/a (356).jpg,0
이미지/페트병(색)/a (357).jpg,0
이미지/페트병(색)/a (358).jpg,0
이미지/페트병(색)/a (359).jpg,0
이미지/페트병(색)/a (360).jpg,0
이미지/페트병(색)/a (361).jpg,0
이미지/페트병(색)/a (362).jpg,0
이미지/페트병(색)/a (363).jpg,0
이미지/페트병(색)/a (364).jpg,0
이미지/페트병(색)/a (365).jpg,0
이미지/페트병(색)/a (366).jpg,0
이미지/페트병(색)/a (367).jpg,0
이미지/페트병(색)/a (368).jpg,0
이미지/페트병(색)/a (369).jpg,0
이미지/페트병(색)/a (370).jpg,0
이미지/페트병(색)/a (371).jpg,0
이미지/페트병(색)/a (372).jpg,0
이미지/페트병(색)/a (373).jpg,0
이미지/페트병(색)/a (374).jpg,0
이미지/페트병(색)/a (375).jpg,0
이미지/페트병(색)/a (376).jpg,0
이미지/페트병(색)/a (377).jpg,0
이미지/페트병(색)/a (378).jpg,0
이미지/페트병(색)/a (379).jpg,0
이미지/페트병(색)/a (380).jpg,0
이미지/페트병(색)/a (381).jpg,0
이미지/페트병(색)/a (382).jpg,0
이미지/페트병(색)/a (383).jpg,0
이미지/페트병(색)/a (384).jpg,0
이미지/페트병(색)/a (385).jpg,0
이미지/페트병(색)/a (386).jpg,0
이미지/페트병(색)/a (387).jpg,0
이미지/페트병(색)/a (388).jpg,0
이미지/페트병(색)/a (389).jpg,0
이미지/페트병(색)/a (390).jpg,0
이미지/페트병(색)/a (391).jpg,0
이미지/페트병(색)/a (392).jpg,0
이미지/페트병(색)/a (393).jpg,0
이미지/페트병(색)/a (394).jpg,0
이미지/페트병(색)/a (395).jpg,0
이미지/페트병(색)/a (396).jpg,0
이미지/페트병(색)/a (397).jpg,0
이미지/페트병(색)/a (398).jpg,0
이미지/페트병(색)/a (399).jpg,0
이미지/페트병(색)/a (400).jpg,0
이미지/페트병(무색)/b (1).jpg,1
이미지/페트병(무색)/b (2).jpg,1
이미지/페트병(무색)/b (3).jpg,1
이미지/페트병(무색)/b (4).jpg,1
이미지/페트병(무색)/b (5).jpg,1
이미지/페트병(무색)/b (6).jpg,1
이미지/페트병(무색)/b (7).jpg,1
이미지/페트병(무색)/b (8).jpg,1
이미지/페트병(무색)/b (9).jpg,1
이미지/페트병(무색)/b (10).jpg,1
이미지/페트병(무색)/b (11).jpg,1
이미지/페트병(무색)/b (12).jpg,1
이미지/페트병(무색)/b (13).jpg,1
이미지/페트병(무색)/b (14).jpg,1
이미지/페트병(무색)/b (15).jpg,1
이미지/페트병(무색)/b (16).jpg,1
이미지/페트병(무색)/b (17).jpg,1
이미지/페트병(무색)/b (18).jpg,1
이미지/페트병(무색)/b (19).jpg,1
이미지/페트병(무색)/b (20).jpg,1
이미지/페트병(무색)/b (21).jpg,1
이미지/페트병(무색)/b (22).jpg,1
이미지/페트병(무색)/b (23).jpg,1
이미지/페트병(무색)/b (24).jpg,1
이미지/페트병(무색)/b (25).jpg,1
이미지/페트병(무색)/b (26).jpg,1
이미지/페트병(무색)/b (27).jpg,1
이미지/페트병(무색)/b (28).jpg,1
이미지/페트병(무색)/b (29).jpg,1
이미지/페트병(무색)/b (30).jpg,1
이미지/페트병(무색)/b (31).jpg,1
이미지/페트병(무색)/b (32).jpg,1
이미지/페트병(무색)/b (33).jpg,1
이미지/페트병(무색)/b (34).jpg,1
이미지/페트병(무색)/b (35).jpg,1
이미지/페트병(무색)/b (36).jpg,1
이미지/페트병(무색)/b (37).jpg,1
이미지/페트병(무색)/b (38).jpg,1
이미지/페트병(무색)/b (39).jpg,1
이미지/페트병(무색)/b (40).jpg,1
이미지/페트병(무색)/b (41).jpg,1
이미지/페트병(무색)/b (42).jpg,1
이미지/페트병(무색)/b (43).jpg,1
이미지/페트병(무색)/b (44).jpg,1
이미지/페트병(무색)/b (45).jpg,1
이미지/페트병(무색)/b (46).jpg,1
이미지/페트병(무색)/b (47).jpg,1
이미지/페트병(무색)/b (48).jpg,1
이미지/페트병(무색)/b (49).jpg,1
이미지/페트병(무색)/b (50).jpg,1
이미지/페트병(무색)/b (51).jpg,1
이미지/페트병(무색)/b (52).jpg,1
이미지/페트병(무색)/b (53).jpg,1
이미지/페트병(무색)/b (54).jpg,1
이미지/페트병(무색)/b (55).jpg,1
이미지/페트병(무색)/b (56).jpg,1
이미지/페트병(무색)/b (57).jpg,1
이미지/페트병(무색)/b (58).jpg,1
이미지/페트병(무색)/b (59).jpg,1
이미지/페트병(무색)/b (60).jpg,1
이미지/페트병(무색)/b (61).jpg,1
이미지/페트병(무색)/b (62).jpg,1
이미지/페트병(무색)/b (63).jpg,1
이미지/페트병(무색)/b (64).jpg,1
이미지/페트병(무색)/b (65).jpg,1
이미지/페트병(무색)/b (66).jpg,1
이미지/페트병(무색)/b (67).jpg,1
이미지/페트병(무색)/b (68).jpg,1
이미지/페트병(무색)/b (69).jpg,1
이미지/페트병(무색)/b (70).jpg,1
이미지/페트병(무색)/b (71).jpg,1
이미지/페트병(무색)/b (72).jpg,1
이미지/페트병(무색)/b (73).jpg,1
이미지/페트병(무색)/b (74).jpg,1
이미지/페트병(무색)/b (75).jpg,1
이미지/페트병(무색)/b (76).jpg,1
이미지/페트병(무색)/b (77).jpg,1
이미지/페트병(무색)/b (78).jpg,1
이미지/페트병(무색)/b (79).jpg,1
이미지/페트병(무색)/b (80).jpg,1
이미지/페트병(무색)/b (81).jpg,1
이미지/페트병(무색)/b (82).jpg,1
이미지/페트병(무색)/b (83).jpg,1
이미지/페트병(무색)/b (84).jpg,1
이미지/페트병(무색)/b (85).jpg,1
이미지/페트병(무색)/b (86).jpg,1
이미지/페트병(무색)/b (87).jpg,1
이미지/페트병(무색)/b (88).jpg,1
이미지/페트병(무색)/b (89).jpg,1
이미지/페트병(무색)/b (90).jpg,1
이미지/페트병(무색)/b (91).jpg,1
이미지/페트병(무색)/b (92).jpg,1
이미지/페트병(무색)/b (93).jpg,1
이미지/페트병(무색)/b (94).jpg,1
이미지/페트병(무색)/b (95).jpg,1
이미지/페트병(무색)/b (96).jpg,1
이미지/페트병(무색)/b (97).jpg,1
이미지/페트병(무색)/b (98).jpg,1
이미지/페트병(무색)/b (99).jpg,1
이미지/페트병(무색)/b (100).jpg,1
이미지/페트병(무색)/b (101).jpg,1
이미지/페트병(무색)/b (102).jpg,1
이미지/페트병(무색)/b (103).jpg,1
이미지/페트병(무색)/b (104).jpg,1
이미지/페트병(무색)/b (105).jpg,1
이미지/페트병(무색)/b (106).jpg,1
이미지/페트병(무색)/b (107).jpg,1
이미지/페트병(무색)/b (108).jpg,1
이미지/페트병(무색)/b (109).jpg,1
이미지/페트병(무색)/b (110).jpg,1
이미지/페트병(무색)/b (111).jpg,1
이미지/페트병(무색)/b (112).jpg,1
이미지/페트병(무색)/b (113).jpg,1
이미지/페트병(무색)/b (114).jpg,1
이미지/페트병(무색)/b (115).jpg,1
이미지/페트병(무색)/b (116).jpg,1
이미지/페트병(무색)/b (117).jpg,1
이미지/페트병(무색)/b (118).jpg,1
이미지/페트병(무색)/b (119).jpg,1
이미지/페트병(무색)/b (120).jpg,1
이미지/페트병(무색)/b (121).jpg,1
이미지/페트병(무색)/b (122).jpg,1
이미지/페트병(무색)/b (123).jpg,1
이미지/페트병(무색)/b (124).jpg,1
이미지/페트병(무색)/b (125).jpg,1
이미지/페트병(무색)/b (126).jpg,1
이미지/페트병(무색)/b (127).jpg,1
이미지/페트병(무색)/b (128).jpg,1
이미지/페트병(무색)/b (129).jpg,1
이미지/페트병(무색)/b (130).jpg,1
이미지/페트병(무색)/b (131).jpg,1
이미지/페트병(무색)/b (132).jpg,1
이미지/페트병(무색)/b (133).jpg,1
이미지/페트병(무색)/b (134).jpg,1
이미지/페트병(무색)/b (135).jpg,1
이미지/페트병(무색)/b (136).jpg,1
이미지/페트병(무색)/b (137).jpg,1
이미지/페트병(무색)/b (138).jpg,1
이미지/페트병(무색)/b (139).jpg,1
이미지/페트병(무색)/b (140).jpg,1
이미지/페트병(무색)/b (141).jpg,1
이미지/페트병(무색)/b (142).jpg,1
이미지/페트병(무색)/b (143).jpg,1
이미지/페트병(무색)/b (144).jpg,1
이미지/페트병(무색)/b (145).jpg,1
이미지/페트병(무색)/b (146).jpg,1
이미지/페트병(무색)/b (147).jpg,1
이미지/페트병(무색)/b (148).jpg,1
이미지/페트병(무색)/b (149).jpg,1
이미지/페트병(무색)/b (150).jpg,1
이미지/페트병(무색)/b (151).jpg,1
이미지/페트병(무색)/b (152).jpg,1
이미지/페트병(무색)/b (153).jpg,1
이미지/페트병(무색)/b (154).jpg,1
이미지/페트병(무색)/b (155).jpg,1
이미지/페트병(무색)/b (156).jpg,1
이미지/페트병(무색)/b (157).jpg,1
이미지/페트병(무색)/b (158).jpg,1
이미지/페트병(무색)/b (159).jpg,1
이미지/페트병(무색)/b (160).jpg,1
이미지/페트병(무색)/b (161).jpg,1
이미지/페트병(무색)/b (162).jpg,1
이미지/페트병(무색)/b (163).jpg,1
이미지/페트병(무색)/b (164).jpg,1
이미지/페트병(무색)/b (165).jpg,1
이미지/페트병(무색)/b (166).jpg,1
이미지/페트병(무색)/b (167).jpg,1
이미지/페트병(무색)/b (168).jpg,1
이미지/페트병(무색)/b (169).jpg,1
이미지/페트병(무색)/b (170).jpg,1
이미지/페트병(무색)/b (171).jpg,1
이미지/페트병(무색)/b (172).jpg,1
이미지/페트병(무색)/b (173).jpg,1
이미지/페트병(무색)/b (174).jpg,1
이미지/페트병(무색)/b (175).jpg,1
이미지/페트병(무색)/b (176).jpg,1
이미지/페트병(무색)/b (177).jpg,1
이미지/페트병(무색)/b (178).jpg,1
이미지/페트병(무색)/b (179).jpg,1
이미지/페트병(무색)/b (180).jpg,1
이미지/페트병(무색)/b (181).jpg,1
이미지/페트병(무색)/b (182).jpg,1
이미지/페트병(무색)/b (183).jpg,1
이미지/페트병(무색)/b (184).jpg,1
이미지/페트병(무색)/b (185).jpg,1
이미지/페트병(무색)/b (186).jpg,1
이미지/페트병(무색)/b (187).jpg,1
이미지/페트병(무색)/b (188).jpg,1
이미지/페트병(무색)/b (189).jpg,1
이미지/페트병(무색)/b (190).jpg,1
이미지/페트병(무색)/b (191).jpg,1
이미지/페트병(무색)/b (192).jpg,1
이미지/페트병(무색)/b (193).jpg,1
이미지/페트병(무색)/b (194).jpg,1
이미지/페트병(무색)/b (195).jpg,1
이미지/페트병(무색)/b (196).jpg,1
이미지/페트병(무색)/b (197).jpg,1
이미지/페트병(무색)/b (198).jpg,1
이미지/페트병(무색)/b (199).jpg,1
이미지/페트병(무색)/b (200).jpg,1
이미지/페트병(무색)/b (201).jpg,1
이미지/페트병(무색)/b (202).jpg,1
이미지/페트병(무색)/b (203).jpg,1
이미지/페트병(무색)/b (204).jpg,1
이미지/페트병(무색)/b (205).jpg,1
이미지/페트병(무색)/b (206).jpg,1
이미지/페트병(무색)/b (207).jpg,1
이미지/페트병(무색)/b (208).jpg,1
이미지/페트병(무색)/b (209).jpg,1
이미지/페트병(무색)/b (210).jpg,1
이미지/페트병(무색)/b (211).jpg,1
이미지/페트병(무색)/b (212).jpg,1
이미지/페트병(무색)/b (213).jpg,1
이미지/페트병(무색)/b (214).jpg,1
이미지/페트병(무색)/b (215).jpg,1
이미지/페트병(무색)/b (216).jpg,1
이미지/페트병(무색)/b (217).jpg,1
이미지/페트병(무색)/b (218).jpg,1
이미지/페트병(무색)/b (219).jpg,1
이미지/페트병(무색)/b (220).jpg,1
이미지/페트병(무색)/b (221).jpg,1
이미지/페트병(무색)/b (222).jpg,1
이미지/페트병(무색)/b (223).jpg,1
이미지/페트병(무색)/b (224).jpg,1
이미지/페트병(무색)/b (225).jpg,1
이미지/페트병(무색)/b (226).jpg,1
이미지/페트병(무색)/b (227).jpg,1
이미지/페트병(무색)/b (228).jpg,1
이미지/페트병(무색)/b (229).jpg,1
이미지/페트병(무색)/b (230).jpg,1
이미지/페트병(무색)/b (231).jpg,1
이미지/페트병(무색)/b (232).jpg,1
이미지/페트병(무색)/b (233).jpg,1
이미지/페트병(무색)/b (234).jpg,1
이미지/페트병(무색)/b (235).jpg,1
이미지/페트병(무색)/b (236).jpg,1
이미지/페트병(무색)/b (237).jpg,1
이미지/페트병(무색)/b (238).jpg,1
이미지/페트병(무색)/b (239).jpg,1
이미지/페트병(무색)/b (240).jpg,1
이미지/페트병(무색)/b (241).jpg,1
이미지/페트병(무색)/b (242).jpg,1
이미지/페트병(무색)/b (243).jpg,1
이미지/페트병(무색)/b (244).jpg,1
이미지/페트병(무색)/b (245).jpg,1
이미지/페트병(무색)/b (246).jpg,1
이미지/페트병(무색)/b (247).jpg,1
이미지/페트병(무색)/b (248).jpg,1
이미지/페트병(무색)/b (249).jpg,1
이미지/페트병(무색)/b (250).jpg,1
이미지/페트병(무색)/b (251).jpg,1
이미지/페트병(무색)/b (252).jpg,1
이미지/페트병(무색)/b (253).jpg,1
이미지/페트병(무색)/b (254).jpg,1
이미지/페트병(무색)/b (255).jpg,1
이미지/페트병(무색)/b (256).jpg,1
이미지/페트병(무색)/b (257).jpg,1
이미지/페트병(무색)/b (258).jpg,1
이미지/페트병(무색)/b (259).jpg,1
이미지/페트병(무색)/b (260).jpg,1
이미지/페트병(무색)/b (261).jpg,1
이미지/페트병(무색)/b (262).jpg,1
이미지/페트병(무색)/b (263).jpg,1
이미지/페트병(무색)/b (264).jpg,1
이미지/페트병(무색)/b (265).jpg,1
이미지/페트병(무색)/b (266).jpg,1
이미지/페트병(무색)/b (267).jpg,1
이미지/페트병(무색)/b (268).jpg,1
이미지/페트병(무색)/b (269).jpg,1
이미지/페트병(무색)/b (270).jpg,1
이미지/페트병(무색)/b (271).jpg,1
이미지/페트병(무색)/b (272).jpg,1
이미지/페트병(무색)/b (273).jpg,1
이미지/페트병(무색)/b (274).jpg,1
이미지/페트병(무색)/b (275).jpg,1
이미지/페트병(무색)/b (276).jpg,1
이미지/페트병(무색)/b (277).jpg,1
이미지/페트병(무색)/b (278).jpg,1
이미지/페트병(무색)/b (279).jpg,1
이미지/페트병(무색)/b (280).jpg,1
이미지/페트병(무색)/b (281).jpg,1
이미지/페트병(무색)/b (282).jpg,1
이미지/페트병(무색)/b (283).jpg,1
이미지/페트병(무색)/b (284).jpg,1
이미지/페트병(무색)/b (285).jpg,1
이미지/페트병(무색)/b (286).jpg,1
이미지/페트병(무색)/b (287).jpg,1
이미지/페트병(무색)/b (288).jpg,1
이미지/페트병(무색)/b (289).jpg,1
이미지/페트병(무색)/b (290).jpg,1
이미지/페트병(무색)/b (291).jpg,1
이미지/페트병(무색)/b (292).jpg,1
이미지/페트병(무색)/b (293).jpg,1
이미지/페트병(무색)/b (294).jpg,1
이미지/페트병(무색)/b (295).jpg,1
이미지/페트병(무색)/b (296).jpg,1
이미지/페트병(무색)/b (297).jpg,1
이미지/페트병(무색)/b (298).jpg,1
이미지/페트병(무색)/b (299).jpg,1
이미지/페트병(무색)/b (300).jpg,1
이미지/페트병(무색)/b (301).jpg,1
이미지/페트병(무색)/b (302).jpg,1
이미지/페트병(무색)/b (303).jpg,1
이미지/페트병(무색)/b (304).jpg,1
이미지/페트병(무색)/b (305).jpg,1
이미지/페트병(무색)/b (306).jpg,1
이미지/페트병(무색)/b (307).jpg,1
이미지/페트병(무색)/b (308).jpg,1
이미지/페트병(무색)/b (309).jpg,1
이미지/페트병(무색)/b (310).jpg,1
이미지/페트병(무색)/b (311).jpg,1
이미지/페트병(무색)/b (312).jpg,1
이미지/페트병(무색)/b (313).jpg,1
이미지/페트병(무색)/b (314).jpg,1
이미지/페트병(무색)/b (315).jpg,1
이미지/페트병(무색)/b (316).jpg,1
이미지/페트병(무색)/b (317).jpg,1
이미지/페트병(무색)/b (318).jpg,1
이미지/페트병(무색)/b (319).jpg,1
이미지/페트병(무색)/b (320).jpg,1
이미지/페트병(무색)/b (321).jpg,1
이미지/페트병(무색)/b (322).jpg,1
이미지/페트병(무색)/b (323).jpg,1
이미지/페트병(무색)/b (324).jpg,1
이미지/페트병(무색)/b (325).jpg,1
이미지/페트병(무색)/b (326).jpg,1
이미지/페트병(무색)/b (327).jpg,1
이미지/페트병(무색)/b (328).jpg,1
이미지/페트병(무색)/b (329).jpg,1
이미지/페트병(무색)/b (330).jpg,1
이미지/페트병(무색)/b (331).jpg,1
이미지/페트병(무색)/b (332).jpg,1
이미지/페트병(무색)/b (333).jpg,1
이미지/페트병(무색)/b (334).jpg,1
이미지/페트병(무색)/b (335).jpg,1
이미지/페트병(무색)/b (336).jpg,1
이미지/페트병(무색)/b (337).jpg,1
이미지/페트병(무색)/b (338).jpg,1
이미지/페트병(무색)/b (339).jpg,1
이미지/페트병(무색)/b (340).jpg,1
이미지/페트병(무색)/b (341).jpg,1
이미지/페트병(무색)/b (342).jpg,1
이미지/페트병(무색)/b (343).jpg,1
이미지/페트병(무색)/b (344).jpg,1
이미지/페트병(무색)/b (345).jpg,1
이미지/페트병(무색)/b (346).jpg,1
이미지/페트병(무색)/b (347).jpg,1
이미지/페트병(무색)/b (348).jpg,1
이미지/페트병(무색)/b (349).jpg,1
이미지/페트병(무색)/b (350).jpg,1
이미지/페트병(무색)/b (351).jpg,1
이미지/페트병(무색)/b (352).jpg,1
이미지/페트병(무색)/b (353).jpg,1
이미지/페트병(무색)/b (354).jpg,1
이미지/페트병(무색)/b (355).jpg,1
이미지/페트병(무색)/b (356).jpg,1
이미지/페트병(무색)/b (357).jpg,1
이미지/페트병(무색)/b (358).jpg,1
이미지/페트병(무색)/b (359).jpg,1
이미지/페트병(무색)/b (360).jpg,1
이미지/페트병(무색)/b (361).jpg,1
이미지/페트병(무색)/b (362).jpg,1
이미지/페트병(무색)/b (363).jpg,1
이미지/페트병(무색)/b (364).jpg,1
이미지/페트병(무색)/b (365).jpg,1
이미지/페트병(무색)/b (366).jpg,1
이미지/페트병(무색)/b (367).jpg,1
이미지/페트병(무색)/b (368).jpg,1
이미지/페트병(무색)/b (369).jpg,1
이미지/페트병(무색)/b (370).jpg,1
이미지/페트병(무색)/b (371).jpg,1
이미지/페트병(무색)/b (372).jpg,1
이미지/페트병(무색)/b (373).jpg,1
이미지/페트병(무색)/b (374).jpg,1
이미지/페트병(무색)/b (375).jpg,1
이미지/페트병(무색)/b (376).jpg,1
이미지/페트병(무색)/b (377).jpg,1
이미지/페트병(무색)/b (378).jpg,1
이미지/페트병(무색)/b (379).jpg,1
이미지/페트병(무색)/b (380).jpg,1
이미지/페트병(무색)/b (381).jpg,1
이미지/페트병(무색)/b (382).jpg,1
이미지/페트병(무색)/b (383).jpg,1
이미지/페트병(무색)/b (384).jpg,1
이미지/페트병(무색)/b (385).jpg,1
이미지/페트병(무색)/b (386).jpg,1
이미지/페트병(무색)/b (387).jpg,1
이미지/페트병(무색)/b (388).jpg,1
이미지/페트병(무색)/b (389).jpg,1
이미지/페트병(무색)/b (390).jpg,1
이미지/페트병(무색)/b (391).jpg,1
이미지/페트병(무색)/b (392).jpg,1
이미지/페트병(무색)/b (393).jpg,1
이미지/페트병(무색)/b (394).jpg,1
이미지/페트병(무색)/b (395).jpg,1
이미지/페트병(무색)/b (396).jpg,1
이미지/페트병(무색)/b (397).jpg,1
이미지/페트병(무색)/b (398).jpg,1
이미지/페트병(무색)/b (399).jpg,1
이미지/페트병(무색)/b (400).jpg,1
이미지/플라스틱/c (1).jpg,2
이미지/플라스틱/c (2).jpg,2
이미지/플라스틱/c (3).jpg,2
이미지/플라스틱/c (4).jpg,2
이미지/플라스틱/c (5).jpg,2
이미지/플라스틱/c (6).jpg,2
이미지/플라스틱/c (7).jpg,2
이미지/플라스틱/c (8).jpg,2
이미지/플라스틱/c (9).jpg,2
이미지/플라스틱/c (10).jpg,2
이미지/플라스틱/c (11).jpg,2
이미지/플라스틱/c (12).jpg,2
이미지/플라스틱/c (13).jpg,2
이미지/플라스틱/c (14).jpg,2
이미지/플라스틱/c (15).jpg,2
이미지/플라스틱/c (16).jpg,2
이미지/플라스틱/c (17).jpg,2
이미지/플라스틱/c (18).jpg,2
이미지/플라스틱/c (19).jpg,2
이미지/플라스틱/c (20).jpg,2
이미지/플라스틱/c (21).jpg,2
이미지/플라스틱/c (22).jpg,2
이미지/플라스틱/c (23).jpg,2
이미지/플라스틱/c (24).jpg,2
이미지/플라스틱/c (25).jpg,2
이미지/플라스틱/c (26).jpg,2
이미지/플라스틱/c (27).jpg,2
이미지/플라스틱/c (28).jpg,2
이미지/플라스틱/c (29).jpg,2
이미지/플라스틱/c (30).jpg,2
이미지/플라스틱/c (31).jpg,2
이미지/플라스틱/c (32).jpg,2
이미지/플라스틱/c (33).jpg,2
이미지/플라스틱/c (34).jpg,2
이미지/플라스틱/c (35).jpg,2
이미지/플라스틱/c (36).jpg,2
이미지/플라스틱/c (37).jpg,2
이미지/플라스틱/c (38).jpg,2
이미지/플라스틱/c (39).jpg,2
이미지/플라스틱/c (40).jpg,2
이미지/플라스틱/c (41).jpg,2
이미지/플라스틱/c (42).jpg,2
이미지/플라스틱/c (43).jpg,2
이미지/플라스틱/c (44).jpg,2
이미지/플라스틱/c (45).jpg,2
이미지/플라스틱/c (46).jpg,2
이미지/플라스틱/c (47).jpg,2
이미지/플라스틱/c (48).jpg,2
이미지/플라스틱/c (49).jpg,2
이미지/플라스틱/c (50).jpg,2
이미지/플라스틱/c (51).jpg,2
이미지/플라스틱/c (52).jpg,2
이미지/플라스틱/c (53).jpg,2
이미지/플라스틱/c (54).jpg,2
이미지/플라스틱/c (55).jpg,2
이미지/플라스틱/c (56).jpg,2
이미지/플라스틱/c (57).jpg,2
이미지/플라스틱/c (58).jpg,2
이미지/플라스틱/c (59).jpg,2
이미지/플라스틱/c (60).jpg,2
이미지/플라스틱/c (61).jpg,2
이미지/플라스틱/c (62).jpg,2
이미지/플라스틱/c (63).jpg,2
이미지/플라스틱/c (64).jpg,2
이미지/플라스틱/c (65).jpg,2
이미지/플라스틱/c (66).jpg,2
이미지/플라스틱/c (67).jpg,2
이미지/플라스틱/c (68).jpg,2
이미지/플라스틱/c (69).jpg,2
이미지/플라스틱/c (70).jpg,2
이미지/플라스틱/c (71).jpg,2
이미지/플라스틱/c (72).jpg,2
이미지/플라스틱/c (73).jpg,2
이미지/플라스틱/c (74).jpg,2
이미지/플라스틱/c (75).jpg,2
이미지/플라스틱/c (76).jpg,2
이미지/플라스틱/c (77).jpg,2
이미지/플라스틱/c (78).jpg,2
이미지/플라스틱/c (79).jpg,2
이미지/플라스틱/c (80).jpg,2
이미지/플라스틱/c (81).jpg,2
이미지/플라스틱/c (82).jpg,2
이미지/플라스틱/c (83).jpg,2
이미지/플라스틱/c (84).jpg,2
이미지/플라스틱/c (85).jpg,2
이미지/플라스틱/c (86).jpg,2
이미지/플라스틱/c (87).jpg,2
이미지/플라스틱/c (88).jpg,2
이미지/플라스틱/c (89).jpg,2
이미지/플라스틱/c (90).jpg,2
이미지/플라스틱/c (91).jpg,2
이미지/플라스틱/c (92).jpg,2
이미지/플라스틱/c (93).jpg,2
이미지/플라스틱/c (94).jpg,2
이미지/플라스틱/c (95).jpg,2
이미지/플라스틱/c (96).jpg,2
이미지/플라스틱/c (97).jpg,2
이미지/플라스틱/c (98).jpg,2
이미지/플라스틱/c (99).jpg,2
이미지/플라스틱/c (100).jpg,2
이미지/플라스틱/c (101).jpg,2
이미지/플라스틱/c (102).jpg,2
이미지/플라스틱/c (103).jpg,2
이미지/플라스틱/c (104).jpg,2
이미지/플라스틱/c (105).jpg,2
이미지/플라스틱/c (106).jpg,2
이미지/플라스틱/c (107).jpg,2
이미지/플라스틱/c (108).jpg,2
이미지/플라스틱/c (109).jpg,2
이미지/플라스틱/c (110).jpg,2
이미지/플라스틱/c (111).jpg,2
이미지/플라스틱/c (112).jpg,2
이미지/플라스틱/c (113).jpg,2
이미지/플라스틱/c (114).jpg,2
이미지/플라스틱/c (115).jpg,2
이미지/플라스틱/c (116).jpg,2
이미지/플라스틱/c (117).jpg,2
이미지/플라스틱/c (118).jpg,2
이미지/플라스틱/c (119).jpg,2
이미지/플라스틱/c (120).jpg,2
이미지/플라스틱/c (121).jpg,2
이미지/플라스틱/c (122).jpg,2
이미지/플라스틱/c (123).jpg,2
이미지/플라스틱/c (124).jpg,2
이미지/플라스틱/c (125).jpg,2
이미지/플라스틱/c (126).jpg,2
이미지/플라스틱/c (127).jpg,2
이미지/플라스틱/c (128).jpg,2
이미지/플라스틱/c (129).jpg,2
이미지/플라스틱/c (130).jpg,2
이미지/플라스틱/c (131).jpg,2
이미지/플라스틱/c (132).jpg,2
이미지/플라스틱/c (133).jpg,2
이미지/플라스틱/c (134).jpg,2
이미지/플라스틱/c (135).jpg,2
이미지/플라스틱/c (136).jpg,2
이미지/플라스틱/c (137).jpg,2
이미지/플라스틱/c (138).jpg,2
이미지/플라스틱/c (139).jpg,2
이미지/플라스틱/c (140).jpg,2
이미지/플라스틱/c (141).jpg,2
이미지/플라스틱/c (142).jpg,2
이미지/플라스틱/c (143).jpg,2
이미지/플라스틱/c (144).jpg,2
이미지/플라스틱/c (145).jpg,2
이미지/플라스틱/c (146).jpg,2
이미지/플라스틱/c (147).jpg,2
이미지/플라스틱/c (148).jpg,2
이미지/플라스틱/c (149).jpg,2
이미지/플라스틱/c (150).jpg,2
이미지/플라스틱/c (151).jpg,2
이미지/플라스틱/c (152).jpg,2
이미지/플라스틱/c (153).jpg,2
이미지/플라스틱/c (154).jpg,2
이미지/플라스틱/c (155).jpg,2
이미지/플라스틱/c (156).jpg,2
이미지/플라스틱/c (157).jpg,2
이미지/플라스틱/c (158).jpg,2
이미지/플라스틱/c (159).jpg,2
이미지/플라스틱/c (160).jpg,2
이미지/플라스틱/c (161).jpg,2
이미지/플라스틱/c (162).jpg,2
이미지/플라스틱/c (163).jpg,2
이미지/플라스틱/c (164).jpg,2
이미지/플라스틱/c (165).jpg,2
이미지/플라스틱/c (166).jpg,2
이미지/플라스틱/c (167).jpg,2
이미지/플라스틱/c (168).jpg,2
이미지/플라스틱/c (169).jpg,2
이미지/플라스틱/c (170).jpg,2
이미지/플라스틱/c (171).jpg,2
이미지/플라스틱/c (172).jpg,2
이미지/플라스틱/c (173).jpg,2
이미지/플라스틱/c (174).jpg,2
이미지/플라스틱/c (175).jpg,2
이미지/플라스틱/c (176).jpg,2
이미지/플라스틱/c (177).jpg,2
이미지/플라스틱/c (178).jpg,2
이미지/플라스틱/c (179).jpg,2
이미지/플라스틱/c (180).jpg,2
이미지/플라스틱/c (181).jpg,2
이미지/플라스틱/c (182).jpg,2
이미지/플라스틱/c (183).jpg,2
이미지/플라스틱/c (184).jpg,2
이미지/플라스틱/c (185).jpg,2
이미지/플라스틱/c (186).jpg,2
이미지/플라스틱/c (187).jpg,2
이미지/플라스틱/c (188).jpg,2
이미지/플라스틱/c (189).jpg,2
이미지/플라스틱/c (190).jpg,2
이미지/플라스틱/c (191).jpg,2
이미지/플라스틱/c (192).jpg,2
이미지/플라스틱/c (193).jpg,2
이미지/플라스틱/c (194).jpg,2
이미지/플라스틱/c (195).jpg,2
이미지/플라스틱/c (196).jpg,2
이미지/플라스틱/c (197).jpg,2
이미지/플라스틱/c (198).jpg,2
이미지/플라스틱/c (199).jpg,2
이미지/플라스틱/c (200).jpg,2
이미지/플라스틱/c (201).jpg,2
이미지/플라스틱/c (202).jpg,2
이미지/플라스틱/c (203).jpg,2
이미지/플라스틱/c (204).jpg,2
이미지/플라스틱/c (205).jpg,2
이미지/플라스틱/c (206).jpg,2
이미지/플라스틱/c (207).jpg,2
이미지/플라스틱/c (208).jpg,2
이미지/플라스틱/c (209).jpg,2
이미지/플라스틱/c (210).jpg,2
이미지/플라스틱/c (211).jpg,2
이미지/플라스틱/c (212).jpg,2
이미지/플라스틱/c (213).jpg,2
이미지/플라스틱/c (214).jpg,2
이미지/플라스틱/c (215).jpg,2
이미지/플라스틱/c (216).jpg,2
이미지/플라스틱/c (217).jpg,2
이미지/플라스틱/c (218).jpg,2
이미지/플라스틱/c (219).jpg,2
이미지/플라스틱/c (220).jpg,2
이미지/플라스틱/c (221).jpg,2
이미지/플라스틱/c (222).jpg,2
이미지/플라스틱/c (223).jpg,2
이미지/플라스틱/c (224).jpg,2
이미지/플라스틱/c (225).jpg,2
이미지/플라스틱/c (226).jpg,2
이미지/플라스틱/c (227).jpg,2
이미지/플라스틱/c (228).jpg,2
이미지/플라스틱/c (229).jpg,2
이미지/플라스틱/c (230).jpg,2
이미지/플라스틱/c (231).jpg,2
이미지/플라스틱/c (232).jpg,2
이미지/플라스틱/c (233).jpg,2
이미지/플라스틱/c (234).jpg,2
이미지/플라스틱/c (235).jpg,2
이미지/플라스틱/c (236).jpg,2
이미지/플라스틱/c (237).jpg,2
이미지/플라스틱/c (238).jpg,2
이미지/플라스틱/c (239).jpg,2
이미지/플라스틱/c (240).jpg,2
이미지/플라스틱/c (241).jpg,2
이미지/플라스틱/c (242).jpg,2
이미지/플라스틱/c (243).jpg,2
이미지/플라스틱/c (244).jpg,2
이미지/플라스틱/c (245).jpg,2
이미지/플라스틱/c (246).jpg,2
이미지/플라스틱/c (247).jpg,2
이미지/플라스틱/c (248).jpg,2
이미지/플라스틱/c (249).jpg,2
이미지/플라스틱/c (250).jpg,2
이미지/플라스틱/c (251).jpg,2
이미지/플라스틱/c (252).jpg,2
이미지/플라스틱/c (253).jpg,2
이미지/플라스틱/c (254).jpg,2
이미지/플라스틱/c (255).jpg,2
이미지/플라스틱/c (256).jpg,2
이미지/플라스틱/c (257).jpg,2
이미지/플라스틱/c (258).jpg,2
이미지/플라스틱/c (259).jpg,2
이미지/플라스틱/c (260).jpg,2
이미지/플라스틱/c (261).jpg,2
이미지/플라스틱/c (262).jpg,2
이미지/플라스틱/c (263).jpg,2
이미지/플라스틱/c (264).jpg,2
이미지/플라스틱/c (265).jpg,2
이미지/플라스틱/c (266).jpg,2
이미지/플라스틱/c (267).jpg,2
이미지/플라스틱/c (268).jpg,2
이미지/플라스틱/c (269).jpg,2
이미지/플라스틱/c (270).jpg,2
이미지/플라스틱/c (271).jpg,2
이미지/플라스틱/c (272).jpg,2
이미지/플라스틱/c (273).jpg,2
이미지/플라스틱/c (274).jpg,2
이미지/플라스틱/c (275).jpg,2
이미지/플라스틱/c (276).jpg,2
이미지/플라스틱/c (277).jpg,2
이미지/플라스틱/c (278).jpg,2
이미지/플라스틱/c (279).jpg,2
이미지/플라스틱/c (280).jpg,2
이미지/플라스틱/c (281).jpg,2
이미지/플라스틱/c (282).jpg,2
이미지/플라스틱/c (283).jpg,2
이미지/플라스틱/c (284).jpg,2
이미지/플라스틱/c (285).jpg,2
이미지/플라스틱/c (286).jpg,2
이미지/플라스틱/c (287).jpg,2
이미지/플라스틱/c (288).jpg,2
이미지/플라스틱/c (289).jpg,2
이미지/플라스틱/c (290).jpg,2
이미지/플라스틱/c (291).jpg,2
이미지/플라스틱/c (292).jpg,2
이미지/플라스틱/c (293).jpg,2
이미지/플라스틱/c (294).jpg,2
이미지/플라스틱/c (295).jpg,2
이미지/플라스틱/c (296).jpg,2
이미지/플라스틱/c (297).jpg,2
이미지/플라스틱/c (298).jpg,2
이미지/플라스틱/c (299).jpg,2
이미지/플라스틱/c (300).jpg,2
이미지/플라스틱/c (301).jpg,2
이미지/플라스틱/c (302).jpg,2
이미지/플라스틱/c (303).jpg,2
이미지/플라스틱/c (304).jpg,2
이미지/플라스틱/c (305).jpg,2
이미지/플라스틱/c (306).jpg,2
이미지/플라스틱/c (307).jpg,2
이미지/플라스틱/c (308).jpg,2
이미지/플라스틱/c (309).jpg,2
이미지/플라스틱/c (310).jpg,2
이미지/플라스틱/c (311).jpg,2
이미지/플라스틱/c (312).jpg,2
이미지/플라스틱/c (313).jpg,2
이미지/플라스틱/c (314).jpg,2
이미지/플라스틱/c (315).jpg,2
이미지/플라스틱/c (316).jpg,2
이미지/플라스틱/c (317).jpg,2
이미지/플라스틱/c (318).jpg,2
이미지/플라스틱/c (319).jpg,2
이미지/플라스틱/c (320).jpg,2
이미지/플라스틱/c (321).jpg,2
이미지/플라스틱/c (322).jpg,2
이미지/플라스틱/c (323).jpg,2
이미지/플라스틱/c (324).jpg,2
이미지/플라스틱/c (325).jpg,2
이미지/플라스틱/c (326).jpg,2
이미지/플라스틱/c (327).jpg,2
이미지/플라스틱/c (328).jpg,2
이미지/플라스틱/c (329).jpg,2
이미지/플라스틱/c (330).jpg,2
이미지/플라스틱/c (331).jpg,2
이미지/플라스틱/c (332).jpg,2
이미지/플라스틱/c (333).jpg,2
이미지/플라스틱/c (334).jpg,2
이미지/플라스틱/c (335).jpg,2
이미지/플라스틱/c (336).jpg,2
이미지/플라스틱/c (337).jpg,2
이미지/플라스틱/c (338).jpg,2
이미지/플라스틱/c (339).jpg,2
이미지/플라스틱/c (340).jpg,2
이미지/플라스틱/c (341).jpg,2
이미지/플라스틱/c (342).jpg,2
이미지/플라스틱/c (343).jpg,2
이미지/플라스틱/c (344).jpg,2
이미지/플라스틱/c (345).jpg,2
이미지/플라스틱/c (346).jpg,2
이미지/플라스틱/c (347).jpg,2
이미지/플라스틱/c (348).jpg,2
이미지/플라스틱/c (349).jpg,2
이미지/플라스틱/c (350).jpg,2
이미지/플라스틱/c (351).jpg,2
이미지/플라스틱/c (352).jpg,2
이미지/플라스틱/c (353).jpg,2
이미지/플라스틱/c (354).jpg,2
이미지/플라스틱/c (355).jpg,2
이미지/플라스틱/c (356).jpg,2
이미지/플라스틱/c (357).jpg,2
이미지/플라스틱/c (358).jpg,2
이미지/플라스틱/c (359).jpg,2
이미지/플라스틱/c (360).jpg,2
이미지/플라스틱/c (361).jpg,2
이미지/플라스틱/c (362).jpg,2
이미지/플라스틱/c (363).jpg,2
이미지/플라스틱/c (364).jpg,2
이미지/플라스틱/c (365).jpg,2
이미지/플라스틱/c (366).jpg,2
이미지/플라스틱/c (367).jpg,2
이미지/플라스틱/c (368).jpg,2
이미지/플라스틱/c (369).jpg,2
이미지/플라스틱/c (370).jpg,2
이미지/플라스틱/c (371).jpg,2
이미지/플라스틱/c (372).jpg,2
이미지/플라스틱/c (373).jpg,2
이미지/플라스틱/c (374).jpg,2
이미지/플라스틱/c (375).jpg,2
이미지/플라스틱/c (376).jpg,2
이미지/플라스틱/c (377).jpg,2
이미지/플라스틱/c (378).jpg,2
이미지/플라스틱/c (379).jpg,2
이미지/플라스틱/c (380).jpg,2
이미지/플라스틱/c (381).jpg,2
이미지/플라스틱/c (382).jpg,2
이미지/플라스틱/c (383).jpg,2
이미지/플라스틱/c (384).jpg,2
이미지/플라스틱/c (385).jpg,2
이미지/플라스틱/c (386).jpg,2
이미지/플라스틱/c (387).jpg,2
이미지/플라스틱/c (388).jpg,2
이미지/플라스틱/c (389).jpg,2
이미지/플라스틱/c (390).jpg,2
이미지/플라스틱/c (391).jpg,2
이미지/플라스틱/c (392).jpg,2
이미지/플라스틱/c (393).jpg,2
이미지/플라스틱/c (394).jpg,2
이미지/플라스틱/c (395).jpg,2
이미지/플라스틱/c (396).jpg,2
이미지/플라스틱/c (397).jpg,2
이미지/플라스틱/c (398).jpg,2
이미지/플라스틱/c (399).jpg,2
이미지/캔/d (1).jpg,3
이미지/캔/d (2).jpg,3
이미지/캔/d (3).jpg,3
이미지/캔/d (4).jpg,3
이미지/캔/d (5).jpg,3
이미지/캔/d (6).jpg,3
이미지/캔/d (7).jpg,3
이미지/캔/d (8).jpg,3
이미지/캔/d (9).jpg,3
이미지/캔/d (10).jpg,3
이미지/캔/d (11).jpg,3
이미지/캔/d (12).jpg,3
이미지/캔/d (13).jpg,3
이미지/캔/d (14).jpg,3
이미지/캔/d (15).jpg,3
이미지/캔/d (16).jpg,3
이미지/캔/d (17).jpg,3
이미지/캔/d (18).jpg,3
이미지/캔/d (19).jpg,3
이미지/캔/d (20).jpg,3
이미지/캔/d (21).jpg,3
이미지/캔/d (22).jpg,3
이미지/캔/d (23).jpg,3
이미지/캔/d (24).jpg,3
이미지/캔/d (25).jpg,3
이미지/캔/d (26).jpg,3
이미지/캔/d (27).jpg,3
이미지/캔/d (28).jpg,3
이미지/캔/d (29).jpg,3
이미지/캔/d (30).jpg,3
이미지/캔/d (31).jpg,3
이미지/캔/d (32).jpg,3
이미지/캔/d (33).jpg,3
이미지/캔/d (34).jpg,3
이미지/캔/d (35).jpg,3
이미지/캔/d (36).jpg,3
이미지/캔/d (37).jpg,3
이미지/캔/d (38).jpg,3
이미지/캔/d (39).jpg,3
이미지/캔/d (40).jpg,3
이미지/캔/d (41).jpg,3
이미지/캔/d (42).jpg,3
이미지/캔/d (43).jpg,3
이미지/캔/d (44).jpg,3
이미지/캔/d (45).jpg,3
이미지/캔/d (46).jpg,3
이미지/캔/d (47).jpg,3
이미지/캔/d (48).jpg,3
이미지/캔/d (49).jpg,3
이미지/캔/d (50).jpg,3
이미지/캔/d (51).jpg,3
이미지/캔/d (52).jpg,3
이미지/캔/d (53).jpg,3
이미지/캔/d (54).jpg,3
이미지/캔/d (55).jpg,3
이미지/캔/d (56).jpg,3
이미지/캔/d (57).jpg,3
이미지/캔/d (58).jpg,3
이미지/캔/d (59).jpg,3
이미지/캔/d (60).jpg,3
이미지/캔/d (61).jpg,3
이미지/캔/d (62).jpg,3
이미지/캔/d (63).jpg,3
이미지/캔/d (64).jpg,3
이미지/캔/d (65).jpg,3
이미지/캔/d (66).jpg,3
이미지/캔/d (67).jpg,3
이미지/캔/d (68).jpg,3
이미지/캔/d (69).jpg,3
이미지/캔/d (70).jpg,3
이미지/캔/d (71).jpg,3
이미지/캔/d (72).jpg,3
이미지/캔/d (73).jpg,3
이미지/캔/d (74).jpg,3
이미지/캔/d (75).jpg,3
이미지/캔/d (76).jpg,3
이미지/캔/d (77).jpg,3
이미지/캔/d (78).jpg,3
이미지/캔/d (79).jpg,3
이미지/캔/d (80).jpg,3
이미지/캔/d (81).jpg,3
이미지/캔/d (82).jpg,3
이미지/캔/d (83).jpg,3
이미지/캔/d (84).jpg,3
이미지/캔/d (85).jpg,3
이미지/캔/d (86).jpg,3
이미지/캔/d (87).jpg,3
이미지/캔/d (88).jpg,3
이미지/캔/d (89).jpg,3
이미지/캔/d (90).jpg,3
이미지/캔/d (91).jpg,3
이미지/캔/d (92).jpg,3
이미지/캔/d (93).jpg,3
이미지/캔/d (94).jpg,3
이미지/캔/d (95).jpg,3
이미지/캔/d (96).jpg,3
이미지/캔/d (97).jpg,3
이미지/캔/d (98).jpg,3
이미지/캔/d (99).jpg,3
이미지/캔/d (100).jpg,3
이미지/캔/d (101).jpg,3
이미지/캔/d (102).jpg,3
이미지/캔/d (103).jpg,3
이미지/캔/d (104).jpg,3
이미지/캔/d (105).jpg,3
이미지/캔/d (106).jpg,3
이미지/캔/d (107).jpg,3
이미지/캔/d (108).jpg,3
이미지/캔/d (109).jpg,3
이미지/캔/d (110).jpg,3
이미지/캔/d (111).jpg,3
이미지/캔/d (112).jpg,3
이미지/캔/d (113).jpg,3
이미지/캔/d (114).jpg,3
이미지/캔/d (115).jpg,3
이미지/캔/d (116).jpg,3
이미지/캔/d (117).jpg,3
이미지/캔/d (118).jpg,3
이미지/캔/d (119).jpg,3
이미지/캔/d (120).jpg,3
이미지/캔/d (121).jpg,3
이미지/캔/d (122).jpg,3
이미지/캔/d (123).jpg,3
이미지/캔/d (124).jpg,3
이미지/캔/d (125).jpg,3
이미지/캔/d (126).jpg,3
이미지/캔/d (127).jpg,3
이미지/캔/d (128).jpg,3
이미지/캔/d (129).jpg,3
이미지/캔/d (130).jpg,3
이미지/캔/d (131).jpg,3
이미지/캔/d (132).jpg,3
이미지/캔/d (133).jpg,3
이미지/캔/d (134).jpg,3
이미지/캔/d (135).jpg,3
이미지/캔/d (136).jpg,3
이미지/캔/d (137).jpg,3
이미지/캔/d (138).jpg,3
이미지/캔/d (139).jpg,3
이미지/캔/d (140).jpg,3
이미지/캔/d (141).jpg,3
이미지/캔/d (142).jpg,3
이미지/캔/d (143).jpg,3
이미지/캔/d (144).jpg,3
이미지/캔/d (145).jpg,3
이미지/캔/d (146).jpg,3
이미지/캔/d (147).jpg,3
이미지/캔/d (148).jpg,3
이미지/캔/d (149).jpg,3
이미지/캔/d (150).jpg,3
이미지/캔/d (151).jpg,3
이미지/캔/d (152).jpg,3
이미지/캔/d (153).jpg,3
이미지/캔/d (154).jpg,3
이미지/캔/d (155).jpg,3
이미지/캔/d (156).jpg,3
이미지/캔/d (157).jpg,3
이미지/캔/d (158).jpg,3
이미지/캔/d (159).jpg,3
이미지/캔/d (160).jpg,3
이미지/캔/d (161).jpg,3
이미지/캔/d (162).jpg,3
이미지/캔/d (163).jpg,3
이미지/캔/d (164).jpg,3
이미지/캔/d (165).jpg,3
이미지/캔/d (166).jpg,3
이미지/캔/d (167).jpg,3
이미지/캔/d (168).jpg,3
이미지/캔/d (169).jpg,3
이미지/캔/d (170).jpg,3
이미지/캔/d (171).jpg,3
이미지/캔/d (172).jpg,3
이미지/캔/d (173).jpg,3
이미지/캔/d (174).jpg,3
이미지/캔/d (175).jpg,3
이미지/캔/d (176).jpg,3
이미지/캔/d (177).jpg,3
이미지/캔/d (178).jpg,3
이미지/캔/d (179).jpg,3
이미지/캔/d (180).jpg,3
이미지/캔/d (181).jpg,3
이미지/캔/d (182).jpg,3
이미지/캔/d (183).jpg,3
이미지/캔/d (184).jpg,3
이미지/캔/d (185).jpg,3
이미지/캔/d (186).jpg,3
이미지/캔/d (187).jpg,3
이미지/캔/d (188).jpg,3
이미지/캔/d (189).jpg,3
이미지/캔/d (190).jpg,3
이미지/캔/d (191).jpg,3
이미지/캔/d (192).jpg,3
이미지/캔/d (193).jpg,3
이미지/캔/d (194).jpg,3
이미지/캔/d (195).jpg,3
이미지/캔/d (196).jpg,3
이미지/캔/d (197).jpg,3
이미지/캔/d (198).jpg,3
이미지/캔/d (199).jpg,3
이미지/캔/d (200).jpg,3
이미지/캔/d (201).jpg,3
이미지/캔/d (202).jpg,3
이미지/캔/d (203).jpg,3
이미지/캔/d (204).jpg,3
이미지/캔/d (205).jpg,3
이미지/캔/d (206).jpg,3
이미지/캔/d (207).jpg,3
이미지/캔/d (208).jpg,3
이미지/캔/d (209).jpg,3
이미지/캔/d (210).jpg,3
이미지/캔/d (211).jpg,3
이미지/캔/d (212).jpg,3
이미지/캔/d (213).jpg,3
이미지/캔/d (214).jpg,3
이미지/캔/d (215).jpg,3
이미지/캔/d (216).jpg,3
이미지/캔/d (217).jpg,3
이미지/캔/d (218).jpg,3
이미지/캔/d (219).jpg,3
이미지/캔/d (220).jpg,3
이미지/캔/d (221).jpg,3
이미지/캔/d (222).jpg,3
이미지/캔/d (223).jpg,3
이미지/캔/d (224).jpg,3
이미지/캔/d (225).jpg,3
이미지/캔/d (226).jpg,3
이미지/캔/d (227).jpg,3
이미지/캔/d (228).jpg,3
이미지/캔/d (229).jpg,3
이미지/캔/d (230).jpg,3
이미지/캔/d (231).jpg,3
이미지/캔/d (232).jpg,3
이미지/캔/d (233).jpg,3
이미지/캔/d (234).jpg,3
이미지/캔/d (235).jpg,3
이미지/캔/d (236).jpg,3
이미지/캔/d (237).jpg,3
이미지/캔/d (238).jpg,3
이미지/캔/d (239).jpg,3
이미지/캔/d (240).jpg,3
이미지/캔/d (241).jpg,3
이미지/캔/d (242).jpg,3
이미지/캔/d (243).jpg,3
이미지/캔/d (244).jpg,3
이미지/캔/d (245).jpg,3
이미지/캔/d (246).jpg,3
이미지/캔/d (247).jpg,3
이미지/캔/d (248).jpg,3
이미지/캔/d (249).jpg,3
이미지/캔/d (250).jpg,3
이미지/캔/d (251).jpg,3
이미지/캔/d (252).jpg,3
이미지/캔/d (253).jpg,3
이미지/캔/d (254).jpg,3
이미지/캔/d (255).jpg,3
이미지/캔/d (256).jpg,3
이미지/캔/d (257).jpg,3
이미지/캔/d (258).jpg,3
이미지/캔/d (259).jpg,3
이미지/캔/d (260).jpg,3
이미지/캔/d (261).jpg,3
이미지/캔/d (262).jpg,3
이미지/캔/d (263).jpg,3
이미지/캔/d (264).jpg,3
이미지/캔/d (265).jpg,3
이미지/캔/d (266).jpg,3
이미지/캔/d (267).jpg,3
이미지/캔/d (268).jpg,3
이미지/캔/d (269).jpg,3
이미지/캔/d (270).jpg,3
이미지/캔/d (271).jpg,3
이미지/캔/d (272).jpg,3
이미지/캔/d (273).jpg,3
이미지/캔/d (274).jpg,3
이미지/캔/d (275).jpg,3
이미지/캔/d (276).jpg,3
이미지/캔/d (277).jpg,3
이미지/캔/d (278).jpg,3
이미지/캔/d (279).jpg,3
이미지/캔/d (280).jpg,3
이미지/캔/d (281).jpg,3
이미지/캔/d (282).jpg,3
이미지/캔/d (283).jpg,3
이미지/캔/d (284).jpg,3
이미지/캔/d (285).jpg,3
이미지/캔/d (286).jpg,3
이미지/캔/d (287).jpg,3
이미지/캔/d (288).jpg,3
이미지/캔/d (289).jpg,3
이미지/캔/d (290).jpg,3
이미지/캔/d (291).jpg,3
이미지/캔/d (292).jpg,3
이미지/캔/d (293).jpg,3
이미지/캔/d (294).jpg,3
이미지/캔/d (295).jpg,3
이미지/캔/d (296).jpg,3
이미지/캔/d (297).jpg,3
이미지/캔/d (298).jpg,3
이미지/캔/d (299).jpg,3
이미지/캔/d (300).jpg,3
이미지/캔/d (301).jpg,3
이미지/캔/d (302).jpg,3
이미지/캔/d (303).jpg,3
이미지/캔/d (304).jpg,3
이미지/캔/d (305).jpg,3
이미지/캔/d (306).jpg,3
이미지/캔/d (307).jpg,3
이미지/캔/d (308).jpg,3
이미지/캔/d (309).jpg,3
이미지/캔/d (310).jpg,3
이미지/캔/d (311).jpg,3
이미지/캔/d (312).jpg,3
이미지/캔/d (313).jpg,3
이미지/캔/d (314).jpg,3
이미지/캔/d (315).jpg,3
이미지/캔/d (316).jpg,3
이미지/캔/d (317).jpg,3
이미지/캔/d (318).jpg,3
이미지/캔/d (319).jpg,3
이미지/캔/d (320).jpg,3
이미지/캔/d (321).jpg,3
이미지/캔/d (322).jpg,3
이미지/캔/d (323).jpg,3
이미지/캔/d (324).jpg,3
이미지/캔/d (325).jpg,3
이미지/캔/d (326).jpg,3
이미지/캔/d (327).jpg,3
이미지/캔/d (328).jpg,3
이미지/캔/d (329).jpg,3
이미지/캔/d (330).jpg,3
이미지/캔/d (331).jpg,3
이미지/캔/d (332).jpg,3
이미지/캔/d (333).jpg,3
이미지/캔/d (334).jpg,3
이미지/캔/d (335).jpg,3
이미지/캔/d (336).jpg,3
이미지/캔/d (337).jpg,3
이미지/캔/d (338).jpg,3
이미지/캔/d (339).jpg,3
이미지/캔/d (340).jpg,3
이미지/캔/d (341).jpg,3
이미지/캔/d (342).jpg,3
이미지/캔/d (343).jpg,3
이미지/캔/d (344).jpg,3
이미지/캔/d (345).jpg,3
이미지/캔/d (346).jpg,3
이미지/캔/d (347).jpg,3
이미지/캔/d (348).jpg,3
이미지/캔/d (349).jpg,3
이미지/캔/d (350).jpg,3
이미지/캔/d (351).jpg,3
이미지/캔/d (352).jpg,3
이미지/캔/d (353).jpg,3
이미지/캔/d (354).jpg,3
이미지/캔/d (355).jpg,3
이미지/캔/d (356).jpg,3
이미지/캔/d (357).jpg,3
이미지/캔/d (358).jpg,3
이미지/캔/d (359).jpg,3
이미지/캔/d (360).jpg,3
이미지/캔/d (361).jpg,3
이미지/캔/d (362).jpg,3
이미지/캔/d (363).jpg,3
이미지/캔/d (364).jpg,3
이미지/캔/d (365).jpg,3
이미지/캔/d (366).jpg,3
이미지/캔/d (367).jpg,3
이미지/캔/d (368).jpg,3
이미지/캔/d (369).jpg,3
이미지/캔/d (370).jpg,3
이미지/캔/d (371).jpg,3
이미지/캔/d (372).jpg,3
이미지/캔/d (373).jpg,3
이미지/캔/d (374).jpg,3
이미지/캔/d (375).jpg,3
이미지/캔/d (376).jpg,3
이미지/캔/d (377).jpg,3
이미지/캔/d (378).jpg,3
이미지/캔/d (379).jpg,3
이미지/캔/d (380).jpg,3
이미지/캔/d (381).jpg,3
이미지/캔/d (382).jpg,3
이미지/캔/d (383).jpg,3
이미지/캔/d (384).jpg,3
이미지/캔/d (385).jpg,3
이미지/캔/d (386).jpg,3
이미지/캔/d (387).jpg,3
이미지/캔/d (388).jpg,3
이미지/캔/d (389).jpg,3
이미지/캔/d (390).jpg,3
이미지/캔/d (391).jpg,3
이미지/캔/d (392).jpg,3
이미지/캔/d (393).jpg,3
이미지/캔/d (394).jpg,3
이미지/캔/d (395).jpg,3
이미지/캔/d (396).jpg,3
이미지/캔/d (397).jpg,3
이미지/캔/d (398).jpg,3
이미지/캔/d (399).jpg,3
이미지/캔/d (400).jpg,3
이미지/종이/e (1).jpg,4
이미지/종이/e (2).jpg,4
이미지/종이/e (3).jpg,4
이미지/종이/e (4).jpg,4
이미지/종이/e (5).jpg,4
이미지/종이/e (6).jpg,4
이미지/종이/e (7).jpg,4
이미지/종이/e (8).jpg,4
이미지/종이/e (9).jpg,4
이미지/종이/e (10).jpg,4
이미지/종이/e (11).jpg,4
이미지/종이/e (12).jpg,4
이미지/종이/e (13).jpg,4
이미지/종이/e (14).jpg,4
이미지/종이/e (15).jpg,4
이미지/종이/e (16).jpg,4
이미지/종이/e (17).jpg,4
이미지/종이/e (18).jpg,4
이미지/종이/e (19).jpg,4
이미지/종이/e (20).jpg,4
이미지/종이/e (21).jpg,4
이미지/종이/e (22).jpg,4
이미지/종이/e (23).jpg,4
이미지/종이/e (24).jpg,4
이미지/종이/e (25).jpg,4
이미지/종이/e (26).jpg,4
이미지/종이/e (27).jpg,4
이미지/종이/e (28).jpg,4
이미지/종이/e (29).jpg,4
이미지/종이/e (30).jpg,4
이미지/종이/e (31).jpg,4
이미지/종이/e (32).jpg,4
이미지/종이/e (33).jpg,4
이미지/종이/e (34).jpg,4
이미지/종이/e (35).jpg,4
이미지/종이/e (36).jpg,4
이미지/종이/e (37).jpg,4
이미지/종이/e (38).jpg,4
이미지/종이/e (39).jpg,4
이미지/종이/e (40).jpg,4
이미지/종이/e (41).jpg,4
이미지/종이/e (42).jpg,4
이미지/종이/e (43).jpg,4
이미지/종이/e (44).jpg,4
이미지/종이/e (45).jpg,4
이미지/종이/e (46).jpg,4
이미지/종이/e (47).jpg,4
이미지/종이/e (48).jpg,4
이미지/종이/e (49).jpg,4
이미지/종이/e (50).jpg,4
이미지/종이/e (51).jpg,4
이미지/종이/e (52).jpg,4
이미지/종이/e (53).jpg,4
이미지/종이/e (54).jpg,4
이미지/종이/e (55).jpg,4
이미지/종이/e (56).jpg,4
이미지/종이/e (57).jpg,4
이미지/종이/e (58).jpg,4
이미지/종이/e (59).jpg,4
이미지/종이/e (60).jpg,4
이미지/종이/e (61).jpg,4
이미지/종이/e (62).jpg,4
이미지/종이/e (63).jpg,4
이미지/종이/e (64).jpg,4
이미지/종이/e (65).jpg,4
이미지/종이/e (66).jpg,4
이미지/종이/e (67).jpg,4
이미지/종이/e (68).jpg,4
이미지/종이/e (69).jpg,4
이미지/종이/e (70).jpg,4
이미지/종이/e (71).jpg,4
이미지/종이/e (72).jpg,4
이미지/종이/e (73).jpg,4
이미지/종이/e (74).jpg,4
이미지/종이/e (75).jpg,4
이미지/종이/e (76).jpg,4
이미지/종이/e (77).jpg,4
이미지/종이/e (78).jpg,4
이미지/종이/e (79).jpg,4
이미지/종이/e (80).jpg,4
이미지/종이/e (81).jpg,4
이미지/종이/e (82).jpg,4
이미지/종이/e (83).jpg,4
이미지/종이/e (84).jpg,4
이미지/종이/e (85).jpg,4
이미지/종이/e (86).jpg,4
이미지/종이/e (87).jpg,4
이미지/종이/e (88).jpg,4
이미지/종이/e (89).jpg,4
이미지/종이/e (90).jpg,4
이미지/종이/e (91).jpg,4
이미지/종이/e (92).jpg,4
이미지/종이/e (93).jpg,4
이미지/종이/e (94).jpg,4
이미지/종이/e (95).jpg,4
이미지/종이/e (96).jpg,4
이미지/종이/e (97).jpg,4
이미지/종이/e (98).jpg,4
이미지/종이/e (99).jpg,4
이미지/종이/e (100).jpg,4
이미지/종이/e (101).jpg,4
이미지/종이/e (102).jpg,4
이미지/종이/e (103).jpg,4
이미지/종이/e (104).jpg,4
이미지/종이/e (105).jpg,4
이미지/종이/e (106).jpg,4
이미지/종이/e (107).jpg,4
이미지/종이/e (108).jpg,4
이미지/종이/e (109).jpg,4
이미지/종이/e (110).jpg,4
이미지/종이/e (111).jpg,4
이미지/종이/e (112).jpg,4
이미지/종이/e (113).jpg,4
이미지/종이/e (114).jpg,4
이미지/종이/e (115).jpg,4
이미지/종이/e (116).jpg,4
이미지/종이/e (117).jpg,4
이미지/종이/e (118).jpg,4
이미지/종이/e (119).jpg,4
이미지/종이/e (120).jpg,4
이미지/종이/e (121).jpg,4
이미지/종이/e (122).jpg,4
이미지/종이/e (123).jpg,4
이미지/종이/e (124).jpg,4
이미지/종이/e (125).jpg,4
이미지/종이/e (126).jpg,4
이미지/종이/e (127).jpg,4
이미지/종이/e (128).jpg,4
이미지/종이/e (129).jpg,4
이미지/종이/e (130).jpg,4
이미지/종이/e (131).jpg,4
이미지/종이/e (132).jpg,4
이미지/종이/e (133).jpg,4
이미지/종이/e (134).jpg,4
이미지/종이/e (135).jpg,4
이미지/종이/e (136).jpg,4
이미지/종이/e (137).jpg,4
이미지/종이/e (138).jpg,4
이미지/종이/e (139).jpg,4
이미지/종이/e (140).jpg,4
이미지/종이/e (141).jpg,4
이미지/종이/e (142).jpg,4
이미지/종이/e (143).jpg,4
이미지/종이/e (144).jpg,4
이미지/종이/e (145).jpg,4
이미지/종이/e (146).jpg,4
이미지/종이/e (147).jpg,4
이미지/종이/e (148).jpg,4
이미지/종이/e (149).jpg,4
이미지/종이/e (150).jpg,4
이미지/종이/e (151).jpg,4
이미지/종이/e (152).jpg,4
이미지/종이/e (153).jpg,4
이미지/종이/e (154).jpg,4
이미지/종이/e (155).jpg,4
이미지/종이/e (156).jpg,4
이미지/종이/e (157).jpg,4
이미지/종이/e (158).jpg,4
이미지/종이/e (159).jpg,4
이미지/종이/e (160).jpg,4
이미지/종이/e (161).jpg,4
이미지/종이/e (162).jpg,4
이미지/종이/e (163).jpg,4
이미지/종이/e (164).jpg,4
이미지/종이/e (165).jpg,4
이미지/종이/e (166).jpg,4
이미지/종이/e (167).jpg,4
이미지/종이/e (168).jpg,4
이미지/종이/e (169).jpg,4
이미지/종이/e (170).jpg,4
이미지/종이/e (171).jpg,4
이미지/종이/e (172).jpg,4
이미지/종이/e (173).jpg,4
이미지/종이/e (174).jpg,4
이미지/종이/e (175).jpg,4
이미지/종이/e (176).jpg,4
이미지/종이/e (177).jpg,4
이미지/종이/e (178).jpg,4
이미지/종이/e (179).jpg,4
이미지/종이/e (180).jpg,4
이미지/종이/e (181).jpg,4
이미지/종이/e (182).jpg,4
이미지/종이/e (183).jpg,4
이미지/종이/e (184).jpg,4
이미지/종이/e (185).jpg,4
이미지/종이/e (186).jpg,4
이미지/종이/e (187).jpg,4
이미지/종이/e (188).jpg,4
이미지/종이/e (189).jpg,4
이미지/종이/e (190).jpg,4
이미지/종이/e (191).jpg,4
이미지/종이/e (192).jpg,4
이미지/종이/e (193).jpg,4
이미지/종이/e (194).jpg,4
이미지/종이/e (195).jpg,4
이미지/종이/e (196).jpg,4
이미지/종이/e (197).jpg,4
이미지/종이/e (198).jpg,4
이미지/종이/e (199).jpg,4
이미지/종이/e (200).jpg,4
이미지/종이/e (201).jpg,4
이미지/종이/e (202).jpg,4
이미지/종이/e (203).jpg,4
이미지/종이/e (204).jpg,4
이미지/종이/e (205).jpg,4
이미지/종이/e (206).jpg,4
이미지/종이/e (207).jpg,4
이미지/종이/e (208).jpg,4
이미지/종이/e (209).jpg,4
이미지/종이/e (210).jpg,4
이미지/종이/e (211).jpg,4
이미지/종이/e (212).jpg,4
이미지/종이/e (213).jpg,4
이미지/종이/e (214).jpg,4
이미지/종이/e (215).jpg,4
이미지/종이/e (216).jpg,4
이미지/종이/e (217).jpg,4
이미지/종이/e (218).jpg,4
이미지/종이/e (219).jpg,4
이미지/종이/e (220).jpg,4
이미지/종이/e (221).jpg,4
이미지/종이/e (222).jpg,4
이미지/종이/e (223).jpg,4
이미지/종이/e (224).jpg,4
이미지/종이/e (225).jpg,4
이미지/종이/e (226).jpg,4
이미지/종이/e (227).jpg,4
이미지/종이/e (228).jpg,4
이미지/종이/e (229).jpg,4
이미지/종이/e (230).jpg,4
이미지/종이/e (231).jpg,4
이미지/종이/e (232).jpg,4
이미지/종이/e (233).jpg,4
이미지/종이/e (234).jpg,4
이미지/종이/e (235).jpg,4
이미지/종이/e (236).jpg,4
이미지/종이/e (237).jpg,4
이미지/종이/e (238).jpg,4
이미지/종이/e (239).jpg,4
이미지/종이/e (240).jpg,4
이미지/종이/e (241).jpg,4
이미지/종이/e (242).jpg,4
이미지/종이/e (243).jpg,4
이미지/종이/e (244).jpg,4
이미지/종이/e (245).jpg,4
이미지/종이/e (246).jpg,4
이미지/종이/e (247).jpg,4
이미지/종이/e (248).jpg,4
이미지/종이/e (249).jpg,4
이미지/종이/e (250).jpg,4
이미지/종이/e (251).jpg,4
이미지/종이/e (252).jpg,4
이미지/종이/e (253).jpg,4
이미지/종이/e (254).jpg,4
이미지/종이/e (255).jpg,4
이미지/종이/e (256).jpg,4
이미지/종이/e (257).jpg,4
이미지/종이/e (258).jpg,4
이미지/종이/e (259).jpg,4
이미지/종이/e (260).jpg,4
이미지/종이/e (261).jpg,4
이미지/종이/e (262).jpg,4
이미지/종이/e (263).jpg,4
이미지/종이/e (264).jpg,4
이미지/종이/e (265).jpg,4
이미지/종이/e (266).jpg,4
이미지/종이/e (267).jpg,4
이미지/종이/e (268).jpg,4
이미지/종이/e (269).jpg,4
이미지/종이/e (270).jpg,4
이미지/종이/e (271).jpg,4
이미지/종이/e (272).jpg,4
이미지/종이/e (273).jpg,4
이미지/종이/e (274).jpg,4
이미지/종이/e (275).jpg,4
이미지/종이/e (276).jpg,4
이미지/종이/e (277).jpg,4
이미지/종이/e (278).jpg,4
이미지/종이/e (279).jpg,4
이미지/종이/e (280).jpg,4
이미지/종이/e (281).jpg,4
이미지/종이/e (282).jpg,4
이미지/종이/e (283).jpg,4
이미지/종이/e (284).jpg,4
이미지/종이/e (285).jpg,4
이미지/종이/e (286).jpg,4
이미지/종이/e (287).jpg,4
이미지/종이/e (288).jpg,4
이미지/종이/e (289).jpg,4
이미지/종이/e (290).jpg,4
이미지/종이/e (291).jpg,4
이미지/종이/e (292).jpg,4
이미지/종이/e (293).jpg,4
이미지/종이/e (294).jpg,4
이미지/종이/e (295).jpg,4
이미지/종이/e (296).jpg,4
이미지/종이/e (297).jpg,4
이미지/종이/e (298).jpg,4
이미지/종이/e (299).jpg,4
이미지/종이/e (300).jpg,4
이미지/종이/e (301).jpg,4
이미지/종이/e (302).jpg,4
이미지/종이/e (303).jpg,4
이미지/종이/e (304).jpg,4
이미지/종이/e (305).jpg,4
이미지/종이/e (306).jpg,4
이미지/종이/e (307).jpg,4
이미지/종이/e (308).jpg,4
이미지/종이/e (309).jpg,4
이미지/종이/e (310).jpg,4
이미지/종이/e (311).jpg,4
이미지/종이/e (312).jpg,4
이미지/종이/e (313).jpg,4
이미지/종이/e (314).jpg,4
이미지/종이/e (315).jpg,4
이미지/종이/e (316).jpg,4
이미지/종이/e (317).jpg,4
이미지/종이/e (318).jpg,4
이미지/종이/e (319).jpg,4
이미지/종이/e (320).jpg,4
이미지/종이/e (321).jpg,4
이미지/종이/e (322).jpg,4
이미지/종이/e (323).jpg,4
이미지/종이/e (324).jpg,4
이미지/종이/e (325).jpg,4
이미지/종이/e (326).jpg,4
이미지/종이/e (327).jpg,4
이미지/종이/e (328).jpg,4
이미지/종이/e (329).jpg,4
이미지/종이/e (330).jpg,4
이미지/종이/e (331).jpg,4
이미지/종이/e (332).jpg,4
이미지/종이/e (333).jpg,4
이미지/종이/e (334).jpg,4
이미지/종이/e (335).jpg,4
이미지/종이/e (336).jpg,4
이미지/종이/e (337).jpg,4
이미지/종이/e (338).jpg,4
이미지/종이/e (339).jpg,4
이미지/종이/e (340).jpg,4
이미지/종이/e (341).jpg,4
이미지/종이/e (342).jpg,4
이미지/종이/e (343).jpg,4
이미지/종이/e (344).jpg,4
이미지/종이/e (345).jpg,4
이미지/종이/e (346).jpg,4
이미지/종이/e (347).jpg,4
이미지/종이/e (348).jpg,4
이미지/종이/e (349).jpg,4
이미지/종이/e (350).jpg,4
이미지/종이/e (351).jpg,4
이미지/종이/e (352).jpg,4
이미지/종이/e (353).jpg,4
이미지/종이/e (354).jpg,4
이미지/종이/e (355).jpg,4
이미지/종이/e (356).jpg,4
이미지/종이/e (357).jpg,4
이미지/종이/e (358).jpg,4
이미지/종이/e (359).jpg,4
이미지/종이/e (360).jpg,4
이미지/종이/e (361).jpg,4
이미지/종이/e (362).jpg,4
이미지/종이/e (363).jpg,4
이미지/종이/e (364).jpg,4
이미지/종이/e (365).jpg,4
이미지/종이/e (366).jpg,4
이미지/종이/e (367).jpg,4
이미지/종이/e (368).jpg,4
이미지/종이/e (369).jpg,4
이미지/종이/e (370).jpg,4
이미지/종이/e (371).jpg,4
이미지/종이/e (372).jpg,4
이미지/종이/e (373).jpg,4
이미지/종이/e (374).jpg,4
이미지/종이/e (375).jpg,4
이미지/종이/e (376).jpg,4
이미지/종이/e (377).jpg,4
이미지/종이/e (378).jpg,4
이미지/종이/e (379).jpg,4
이미지/종이/e (380).jpg,4
이미지/종이/e (381).jpg,4
이미지/종이/e (382).jpg,4
이미지/종이/e (383).jpg,4
이미지/종이/e (384).jpg,4
이미지/종이/e (385).jpg,4
이미지/종이/e (386).jpg,4
이미지/종이/e (387).jpg,4
이미지/종이/e (388).jpg,4
이미지/종이/e (389).jpg,4
이미지/종이/e (390).jpg,4
이미지/종이/e (391).jpg,4
이미지/종이/e (392).jpg,4
이미지/종이/e (393).jpg,4
이미지/종이/e (394).jpg,4
이미지/종이/e (395).jpg,4
이미지/종이/e (396).jpg,4
이미지/종이/e (397).jpg,4
이미지/종이/e (398).jpg,4
이미지/종이/e (399).jpg,4
이미지/종이/e (400).jpg,4
이미지/유리/f (1).jpg,5
이미지/유리/f (2).jpg,5
이미지/유리/f (3).jpg,5
이미지/유리/f (4).jpg,5
이미지/유리/f (5).jpg,5
이미지/유리/f (6).jpg,5
이미지/유리/f (7).jpg,5
이미지/유리/f (8).jpg,5
이미지/유리/f (9).jpg,5
이미지/유리/f (10).jpg,5
이미지/유리/f (11).jpg,5
이미지/유리/f (12).jpg,5
이미지/유리/f (13).jpg,5
이미지/유리/f (14).jpg,5
이미지/유리/f (15).jpg,5
이미지/유리/f (16).jpg,5
이미지/유리/f (17).jpg,5
이미지/유리/f (18).jpg,5
이미지/유리/f (19).jpg,5
이미지/유리/f (20).jpg,5
이미지/유리/f (21).jpg,5
이미지/유리/f (22).jpg,5
이미지/유리/f (23).jpg,5
이미지/유리/f (24).jpg,5
이미지/유리/f (25).jpg,5
이미지/유리/f (26).jpg,5
이미지/유리/f (27).jpg,5
이미지/유리/f (28).jpg,5
이미지/유리/f (29).jpg,5
이미지/유리/f (30).jpg,5
이미지/유리/f (31).jpg,5
이미지/유리/f (32).jpg,5
이미지/유리/f (33).jpg,5
이미지/유리/f (34).jpg,5
이미지/유리/f (35).jpg,5
이미지/유리/f (36).jpg,5
이미지/유리/f (37).jpg,5
이미지/유리/f (38).jpg,5
이미지/유리/f (39).jpg,5
이미지/유리/f (40).jpg,5
이미지/유리/f (41).jpg,5
이미지/유리/f (42).jpg,5
이미지/유리/f (43).jpg,5
이미지/유리/f (44).jpg,5
이미지/유리/f (45).jpg,5
이미지/유리/f (46).jpg,5
이미지/유리/f (47).jpg,5
이미지/유리/f (48).jpg,5
이미지/유리/f (49).jpg,5
이미지/유리/f (50).jpg,5
이미지/유리/f (51).jpg,5
이미지/유리/f (52).jpg,5
이미지/유리/f (53).jpg,5
이미지/유리/f (54).jpg,5
이미지/유리/f (55).jpg,5
이미지/유리/f (56).jpg,5
이미지/유리/f (57).jpg,5
이미지/유리/f (58).jpg,5
이미지/유리/f (59).jpg,5
이미지/유리/f (60).jpg,5
이미지/유리/f (61).jpg,5
이미지/유리/f (62).jpg,5
이미지/유리/f (63).jpg,5
이미지/유리/f (64).jpg,5
이미지/유리/f (65).jpg,5
이미지/유리/f (66).jpg,5
이미지/유리/f (67).jpg,5
이미지/유리/f (68).jpg,5
이미지/유리/f (69).jpg,5
이미지/유리/f (70).jpg,5
이미지/유리/f (71).jpg,5
이미지/유리/f (72).jpg,5
이미지/유리/f (73).jpg,5
이미지/유리/f (74).jpg,5
이미지/유리/f (75).jpg,5
이미지/유리/f (76).jpg,5
이미지/유리/f (77).jpg,5
이미지/유리/f (78).jpg,5
이미지/유리/f (79).jpg,5
이미지/유리/f (80).jpg,5
이미지/유리/f (81).jpg,5
이미지/유리/f (82).jpg,5
이미지/유리/f (83).jpg,5
이미지/유리/f (84).jpg,5
이미지/유리/f (85).jpg,5
이미지/유리/f (86).jpg,5
이미지/유리/f (87).jpg,5
이미지/유리/f (88).jpg,5
이미지/유리/f (89).jpg,5
이미지/유리/f (90).jpg,5
이미지/유리/f (91).jpg,5
이미지/유리/f (92).jpg,5
이미지/유리/f (93).jpg,5
이미지/유리/f (94).jpg,5
이미지/유리/f (95).jpg,5
이미지/유리/f (96).jpg,5
이미지/유리/f (97).jpg,5
이미지/유리/f (98).jpg,5
이미지/유리/f (99).jpg,5
이미지/유리/f (100).jpg,5
이미지/유리/f (101).jpg,5
이미지/유리/f (102).jpg,5
이미지/유리/f (103).jpg,5
이미지/유리/f (104).jpg,5
이미지/유리/f (105).jpg,5
이미지/유리/f (106).jpg,5
이미지/유리/f (107).jpg,5
이미지/유리/f (108).jpg,5
이미지/유리/f (109).jpg,5
이미지/유리/f (110).jpg,5
이미지/유리/f (111).jpg,5
이미지/유리/f (112).jpg,5
이미지/유리/f (113).jpg,5
이미지/유리/f (114).jpg,5
이미지/유리/f (115).jpg,5
이미지/유리/f (116).jpg,5
이미지/유리/f (117).jpg,5
이미지/유리/f (118).jpg,5
이미지/유리/f (119).jpg,5
이미지/유리/f (120).jpg,5
이미지/유리/f (121).jpg,5
이미지/유리/f (122).jpg,5
이미지/유리/f (123).jpg,5
이미지/유리/f (124).jpg,5
이미지/유리/f (125).jpg,5
이미지/유리/f (126).jpg,5
이미지/유리/f (127).jpg,5
이미지/유리/f (128).jpg,5
이미지/유리/f (129).jpg,5
이미지/유리/f (130).jpg,5
이미지/유리/f (131).jpg,5
이미지/유리/f (132).jpg,5
이미지/유리/f (133).jpg,5
이미지/유리/f (134).jpg,5
이미지/유리/f (135).jpg,5
이미지/유리/f (136).jpg,5
이미지/유리/f (137).jpg,5
이미지/유리/f (138).jpg,5
이미지/유리/f (139).jpg,5
이미지/유리/f (140).jpg,5
이미지/유리/f (141).jpg,5
이미지/유리/f (142).jpg,5
이미지/유리/f (143).jpg,5
이미지/유리/f (144).jpg,5
이미지/유리/f (145).jpg,5
이미지/유리/f (146).jpg,5
이미지/유리/f (147).jpg,5
이미지/유리/f (148).jpg,5
이미지/유리/f (149).jpg,5
이미지/유리/f (150).jpg,5
이미지/유리/f (151).jpg,5
이미지/유리/f (152).jpg,5
이미지/유리/f (153).jpg,5
이미지/유리/f (154).jpg,5
이미지/유리/f (155).jpg,5
이미지/유리/f (156).jpg,5
이미지/유리/f (157).jpg,5
이미지/유리/f (158).jpg,5
이미지/유리/f (159).jpg,5
이미지/유리/f (160).jpg,5
이미지/유리/f (161).jpg,5
이미지/유리/f (162).jpg,5
이미지/유리/f (163).jpg,5
이미지/유리/f (164).jpg,5
이미지/유리/f (165).jpg,5
이미지/유리/f (166).jpg,5
이미지/유리/f (167).jpg,5
이미지/유리/f (168).jpg,5
이미지/유리/f (169).jpg,5
이미지/유리/f (170).jpg,5
이미지/유리/f (171).jpg,5
이미지/유리/f (172).jpg,5
이미지/유리/f (173).jpg,5
이미지/유리/f (174).jpg,5
이미지/유리/f (175).jpg,5
이미지/유리/f (176).jpg,5
이미지/유리/f (177).jpg,5
이미지/유리/f (178).jpg,5
이미지/유리/f (179).jpg,5
이미지/유리/f (180).jpg,5
이미지/유리/f (181).jpg,5
이미지/유리/f (182).jpg,5
이미지/유리/f (183).jpg,5
이미지/유리/f (184).jpg,5
이미지/유리/f (185).jpg,5
이미지/유리/f (186).jpg,5
이미지/유리/f (187).jpg,5
이미지/유리/f (188).jpg,5
이미지/유리/f (189).jpg,5
이미지/유리/f (190).jpg,5
이미지/유리/f (191).jpg,5
이미지/유리/f (192).jpg,5
이미지/유리/f (193).jpg,5
이미지/유리/f (194).jpg,5
이미지/유리/f (195).jpg,5
이미지/유리/f (196).jpg,5
이미지/유리/f (197).jpg,5
이미지/유리/f (198).jpg,5
이미지/유리/f (199).jpg,5
이미지/유리/f (200).jpg,5
이미지/유리/f (201).jpg,5
이미지/유리/f (202).jpg,5
이미지/유리/f (203).jpg,5
이미지/유리/f (204).jpg,5
이미지/유리/f (205).jpg,5
이미지/유리/f (206).jpg,5
이미지/유리/f (207).jpg,5
이미지/유리/f (208).jpg,5
이미지/유리/f (209).jpg,5
이미지/유리/f (210).jpg,5
이미지/유리/f (211).jpg,5
이미지/유리/f (212).jpg,5
이미지/유리/f (213).jpg,5
이미지/유리/f (214).jpg,5
이미지/유리/f (215).jpg,5
이미지/유리/f (216).jpg,5
이미지/유리/f (217).jpg,5
이미지/유리/f (218).jpg,5
이미지/유리/f (219).jpg,5
이미지/유리/f (220).jpg,5
이미지/유리/f (221).jpg,5
이미지/유리/f (222).jpg,5
이미지/유리/f (223).jpg,5
이미지/유리/f (224).jpg,5
이미지/유리/f (225).jpg,5
이미지/유리/f (226).jpg,5
이미지/유리/f (227).jpg,5
이미지/유리/f (228).jpg,5
이미지/유리/f (229).jpg,5
이미지/유리/f (230).jpg,5
이미지/유리/f (231).jpg,5
이미지/유리/f (232).jpg,5
이미지/유리/f (233).jpg,5
이미지/유리/f (234).jpg,5
이미지/유리/f (235).jpg,5
이미지/유리/f (236).jpg,5
이미지/유리/f (237).jpg,5
이미지/유리/f (238).jpg,5
이미지/유리/f (239).jpg,5
이미지/유리/f (240).jpg,5
이미지/유리/f (241).jpg,5
이미지/유리/f (242).jpg,5
이미지/유리/f (243).jpg,5
이미지/유리/f (244).jpg,5
이미지/유리/f (245).jpg,5
이미지/유리/f (246).jpg,5
이미지/유리/f (247).jpg,5
이미지/유리/f (248).jpg,5
이미지/유리/f (249).jpg,5
이미지/유리/f (250).jpg,5
이미지/유리/f (251).jpg,5
이미지/유리/f (252).jpg,5
이미지/유리/f (253).jpg,5
이미지/유리/f (254).jpg,5
이미지/유리/f (255).jpg,5
이미지/유리/f (256).jpg,5
이미지/유리/f (257).jpg,5
이미지/유리/f (258).jpg,5
이미지/유리/f (259).jpg,5
이미지/유리/f (260).jpg,5
이미지/유리/f (261).jpg,5
이미지/유리/f (262).jpg,5
이미지/유리/f (263).jpg,5
이미지/유리/f (264).jpg,5
이미지/유리/f (265).jpg,5
이미지/유리/f (266).jpg,5
이미지/유리/f (267).jpg,5
이미지/유리/f (268).jpg,5
이미지/유리/f (269).jpg,5
이미지/유리/f (270).jpg,5
이미지/유리/f (271).jpg,5
이미지/유리/f (272).jpg,5
이미지/유리/f (273).jpg,5
이미지/유리/f (274).jpg,5
이미지/유리/f (275).jpg,5
이미지/유리/f (276).jpg,5
이미지/유리/f (277).jpg,5
이미지/유리/f (278).jpg,5
이미지/유리/f (279).jpg,5
이미지/유리/f (280).jpg,5
이미지/유리/f (281).jpg,5
이미지/유리/f (282).jpg,5
이미지/유리/f (283).jpg,5
이미지/유리/f (284).jpg,5
이미지/유리/f (285).jpg,5
이미지/유리/f (286).jpg,5
이미지/유리/f (287).jpg,5
이미지/유리/f (288).jpg,5
이미지/유리/f (289).jpg,5
이미지/유리/f (290).jpg,5
이미지/유리/f (291).jpg,5
이미지/유리/f (292).jpg,5
이미지/유리/f (293).jpg,5
이미지/유리/f (294).jpg,5
이미지/유리/f (295).jpg,5
이미지/유리/f (296).jpg,5
이미지/유리/f (297).jpg,5
이미지/유리/f (298).jpg,5
이미지/유리/f (299).jpg,5
이미지/유리/f (300).jpg,5
이미지/유리/f (301).jpg,5
이미지/유리/f (302).jpg,5
이미지/유리/f (303).jpg,5
이미지/유리/f (304).jpg,5
이미지/유리/f (305).jpg,5
이미지/유리/f (306).jpg,5
이미지/유리/f (307).jpg,5
이미지/유리/f (308).jpg,5
이미지/유리/f (309).jpg,5
이미지/유리/f (310).jpg,5
이미지/유리/f (311).jpg,5
이미지/유리/f (312).jpg,5
이미지/유리/f (313).jpg,5
이미지/유리/f (314).jpg,5
이미지/유리/f (315).jpg,5
이미지/유리/f (316).jpg,5
이미지/유리/f (317).jpg,5
이미지/유리/f (318).jpg,5
이미지/유리/f (319).jpg,5
이미지/유리/f (320).jpg,5
이미지/유리/f (321).jpg,5
