URL,Class
이미지/페트병(색)/a (1).jpg,페트병(색)
이미지/페트병(색)/a (2).jpg,페트병(색)
이미지/페트병(색)/a (3).jpg,페트병(색)
이미지/페트병(색)/a (4).jpg,페트병(색)
이미지/페트병(색)/a (5).jpg,페트병(색)
이미지/페트병(색)/a (6).jpg,페트병(색)
이미지/페트병(색)/a (7).jpg,페트병(색)
이미지/페트병(색)/a (8).jpg,페트병(색)
이미지/페트병(색)/a (9).jpg,페트병(색)
이미지/페트병(색)/a (10).jpg,페트병(색)
이미지/페트병(색)/a (11).jpg,페트병(색)
이미지/페트병(색)/a (12).jpg,페트병(색)
이미지/페트병(색)/a (13).jpg,페트병(색)
이미지/페트병(색)/a (14).jpg,페트병(색)
이미지/페트병(색)/a (15).jpg,페트병(색)
이미지/페트병(색)/a (16).jpg,페트병(색)
이미지/페트병(색)/a (17).jpg,페트병(색)
이미지/페트병(색)/a (18).jpg,페트병(색)
이미지/페트병(색)/a (19).jpg,페트병(색)
이미지/페트병(색)/a (20).jpg,페트병(색)
이미지/페트병(색)/a (21).jpg,페트병(색)
이미지/페트병(색)/a (22).jpg,페트병(색)
이미지/페트병(색)/a (23).jpg,페트병(색)
이미지/페트병(색)/a (24).jpg,페트병(색)
이미지/페트병(색)/a (25).jpg,페트병(색)
이미지/페트병(색)/a (26).jpg,페트병(색)
이미지/페트병(색)/a (27).jpg,페트병(색)
이미지/페트병(색)/a (28).jpg,페트병(색)
이미지/페트병(색)/a (29).jpg,페트병(색)
이미지/페트병(색)/a (30).jpg,페트병(색)
이미지/페트병(색)/a (31).jpg,페트병(색)
이미지/페트병(색)/a (32).jpg,페트병(색)
이미지/페트병(색)/a (33).jpg,페트병(색)
이미지/페트병(색)/a (34).jpg,페트병(색)
이미지/페트병(색)/a (35).jpg,페트병(색)
이미지/페트병(색)/a (36).jpg,페트병(색)
이미지/페트병(색)/a (37).jpg,페트병(색)
이미지/페트병(색)/a (38).jpg,페트병(색)
이미지/페트병(색)/a (39).jpg,페트병(색)
이미지/페트병(색)/a (40).jpg,페트병(색)
이미지/페트병(색)/a (41).jpg,페트병(색)
이미지/페트병(색)/a (42).jpg,페트병(색)
이미지/페트병(색)/a (43).jpg,페트병(색)
이미지/페트병(색)/a (44).jpg,페트병(색)
이미지/페트병(색)/a (45).jpg,페트병(색)
이미지/페트병(색)/a (46).jpg,페트병(색)
이미지/페트병(색)/a (47).jpg,페트병(색)
이미지/페트병(색)/a (48).jpg,페트병(색)
이미지/페트병(색)/a (49).jpg,페트병(색)
이미지/페트병(색)/a (50).jpg,페트병(색)
이미지/페트병(색)/a (51).jpg,페트병(색)
이미지/페트병(색)/a (52).jpg,페트병(색)
이미지/페트병(색)/a (53).jpg,페트병(색)
이미지/페트병(색)/a (54).jpg,페트병(색)
이미지/페트병(색)/a (55).jpg,페트병(색)
이미지/페트병(색)/a (56).jpg,페트병(색)
이미지/페트병(색)/a (57).jpg,페트병(색)
이미지/페트병(색)/a (58).jpg,페트병(색)
이미지/페트병(색)/a (59).jpg,페트병(색)
이미지/페트병(색)/a (60).jpg,페트병(색)
이미지/페트병(색)/a (61).jpg,페트병(색)
이미지/페트병(색)/a (62).jpg,페트병(색)
이미지/페트병(색)/a (63).jpg,페트병(색)
이미지/페트병(색)/a (64).jpg,페트병(색)
이미지/페트병(색)/a (65).jpg,페트병(색)
이미지/페트병(색)/a (66).jpg,페트병(색)
이미지/페트병(색)/a (67).jpg,페트병(색)
이미지/페트병(색)/a (68).jpg,페트병(색)
이미지/페트병(색)/a (69).jpg,페트병(색)
이미지/페트병(색)/a (70).jpg,페트병(색)
이미지/페트병(색)/a (71).jpg,페트병(색)
이미지/페트병(색)/a (72).jpg,페트병(색)
이미지/페트병(색)/a (73).jpg,페트병(색)
이미지/페트병(색)/a (74).jpg,페트병(색)
이미지/페트병(색)/a (75).jpg,페트병(색)
이미지/페트병(색)/a (76).jpg,페트병(색)
이미지/페트병(색)/a (77).jpg,페트병(색)
이미지/페트병(색)/a (78).jpg,페트병(색)
이미지/페트병(색)/a (79).jpg,페트병(색)
이미지/페트병(색)/a (80).jpg,페트병(색)
이미지/페트병(색)/a (81).jpg,페트병(색)
이미지/페트병(색)/a (82).jpg,페트병(색)
이미지/페트병(색)/a (83).jpg,페트병(색)
이미지/페트병(색)/a (84).jpg,페트병(색)
이미지/페트병(색)/a (85).jpg,페트병(색)
이미지/페트병(색)/a (86).jpg,페트병(색)
이미지/페트병(색)/a (87).jpg,페트병(색)
이미지/페트병(색)/a (88).jpg,페트병(색)
이미지/페트병(색)/a (89).jpg,페트병(색)
이미지/페트병(색)/a (90).jpg,페트병(색)
이미지/페트병(색)/a (91).jpg,페트병(색)
이미지/페트병(색)/a (92).jpg,페트병(색)
이미지/페트병(색)/a (93).jpg,페트병(색)
이미지/페트병(색)/a (94).jpg,페트병(색)
이미지/페트병(색)/a (95).jpg,페트병(색)
이미지/페트병(색)/a (96).jpg,페트병(색)
이미지/페트병(색)/a (97).jpg,페트병(색)
이미지/페트병(색)/a (98).jpg,페트병(색)
이미지/페트병(색)/a (99).jpg,페트병(색)
이미지/페트병(색)/a (100).jpg,페트병(색)
이미지/페트병(색)/a (101).jpg,페트병(색)
이미지/페트병(색)/a (102).jpg,페트병(색)
이미지/페트병(색)/a (103).jpg,페트병(색)
이미지/페트병(색)/a (104).jpg,페트병(색)
이미지/페트병(색)/a (105).jpg,페트병(색)
이미지/페트병(색)/a (106).jpg,페트병(색)
이미지/페트병(색)/a (107).jpg,페트병(색)
이미지/페트병(색)/a (108).jpg,페트병(색)
이미지/페트병(색)/a (109).jpg,페트병(색)
이미지/페트병(색)/a (110).jpg,페트병(색)
이미지/페트병(색)/a (111).jpg,페트병(색)
이미지/페트병(색)/a (112).jpg,페트병(색)
이미지/페트병(색)/a (113).jpg,페트병(색)
이미지/페트병(색)/a (114).jpg,페트병(색)
이미지/페트병(색)/a (115).jpg,페트병(색)
이미지/페트병(색)/a (116).jpg,페트병(색)
이미지/페트병(색)/a (117).jpg,페트병(색)
이미지/페트병(색)/a (118).jpg,페트병(색)
이미지/페트병(색)/a (119).jpg,페트병(색)
이미지/페트병(색)/a (120).jpg,페트병(색)
이미지/페트병(색)/a (121).jpg,페트병(색)
이미지/페트병(색)/a (122).jpg,페트병(색)
이미지/페트병(색)/a (123).jpg,페트병(색)
이미지/페트병(색)/a (124).jpg,페트병(색)
이미지/페트병(색)/a (125).jpg,페트병(색)
이미지/페트병(색)/a (126).jpg,페트병(색)
이미지/페트병(색)/a (127).jpg,페트병(색)
이미지/페트병(색)/a (128).jpg,페트병(색)
이미지/페트병(색)/a (129).jpg,페트병(색)
이미지/페트병(색)/a (130).jpg,페트병(색)
이미지/페트병(색)/a (131).jpg,페트병(색)
이미지/페트병(색)/a (132).jpg,페트병(색)
이미지/페트병(색)/a (133).jpg,페트병(색)
이미지/페트병(색)/a (134).jpg,페트병(색)
이미지/페트병(색)/a (135).jpg,페트병(색)
이미지/페트병(색)/a (136).jpg,페트병(색)
이미지/페트병(색)/a (137).jpg,페트병(색)
이미지/페트병(색)/a (138).jpg,페트병(색)
이미지/페트병(색)/a (139).jpg,페트병(색)
이미지/페트병(색)/a (140).jpg,페트병(색)
이미지/페트병(색)/a (141).jpg,페트병(색)
이미지/페트병(색)/a (142).jpg,페트병(색)
이미지/페트병(색)/a (143).jpg,페트병(색)
이미지/페트병(색)/a (144).jpg,페트병(색)
이미지/페트병(색)/a (145).jpg,페트병(색)
이미지/페트병(색)/a (146).jpg,페트병(색)
이미지/페트병(색)/a (147).jpg,페트병(색)
이미지/페트병(색)/a (148).jpg,페트병(색)
이미지/페트병(색)/a (149).jpg,페트병(색)
이미지/페트병(색)/a (150).jpg,페트병(색)
이미지/페트병(색)/a (151).jpg,페트병(색)
이미지/페트병(색)/a (152).jpg,페트병(색)
이미지/페트병(색)/a (153).jpg,페트병(색)
이미지/페트병(색)/a (154).jpg,페트병(색)
이미지/페트병(색)/a (155).jpg,페트병(색)
이미지/페트병(색)/a (156).jpg,페트병(색)
이미지/페트병(색)/a (157).jpg,페트병(색)
이미지/페트병(색)/a (158).jpg,페트병(색)
이미지/페트병(색)/a (159).jpg,페트병(색)
이미지/페트병(색)/a (160).jpg,페트병(색)
이미지/페트병(색)/a (161).jpg,페트병(색)
이미지/페트병(색)/a (162).jpg,페트병(색)
이미지/페트병(색)/a (163).jpg,페트병(색)
이미지/페트병(색)/a (164).jpg,페트병(색)
이미지/페트병(색)/a (165).jpg,페트병(색)
이미지/페트병(색)/a (166).jpg,페트병(색)
이미지/페트병(색)/a (167).jpg,페트병(색)
이미지/페트병(색)/a (168).jpg,페트병(색)
이미지/페트병(색)/a (169).jpg,페트병(색)
이미지/페트병(색)/a (170).jpg,페트병(색)
이미지/페트병(색)/a (171).jpg,페트병(색)
이미지/페트병(색)/a (172).jpg,페트병(색)
이미지/페트병(색)/a (173).jpg,페트병(색)
이미지/페트병(색)/a (174).jpg,페트병(색)
이미지/페트병(색)/a (175).jpg,페트병(색)
이미지/페트병(색)/a (176).jpg,페트병(색)
이미지/페트병(색)/a (177).jpg,페트병(색)
이미지/페트병(색)/a (178).jpg,페트병(색)
이미지/페트병(색)/a (179).jpg,페트병(색)
이미지/페트병(색)/a (180).jpg,페트병(색)
이미지/페트병(색)/a (181).jpg,페트병(색)
이미지/페트병(색)/a (182).jpg,페트병(색)
이미지/페트병(색)/a (183).jpg,페트병(색)
이미지/페트병(색)/a (184).jpg,페트병(색)
이미지/페트병(색)/a (185).jpg,페트병(색)
이미지/페트병(색)/a (186).jpg,페트병(색)
이미지/페트병(색)/a (187).jpg,페트병(색)
이미지/페트병(색)/a (188).jpg,페트병(색)
이미지/페트병(색)/a (189).jpg,페트병(색)
이미지/페트병(색)/a (190).jpg,페트병(색)
이미지/페트병(색)/a (191).jpg,페트병(색)
이미지/페트병(색)/a (192).jpg,페트병(색)
이미지/페트병(색)/a (193).jpg,페트병(색)
이미지/페트병(색)/a (194).jpg,페트병(색)
이미지/페트병(색)/a (195).jpg,페트병(색)
이미지/페트병(색)/a (196).jpg,페트병(색)
이미지/페트병(색)/a (197).jpg,페트병(색)
이미지/페트병(색)/a (198).jpg,페트병(색)
이미지/페트병(색)/a (199).jpg,페트병(색)
이미지/페트병(색)/a (200).jpg,페트병(색)
이미지/페트병(색)/a (201).jpg,페트병(색)
이미지/페트병(색)/a (202).jpg,페트병(색)
이미지/페트병(색)/a (203).jpg,페트병(색)
이미지/페트병(색)/a (204).jpg,페트병(색)
이미지/페트병(색)/a (205).jpg,페트병(색)
이미지/페트병(색)/a (206).jpg,페트병(색)
이미지/페트병(색)/a (207).jpg,페트병(색)
이미지/페트병(색)/a (208).jpg,페트병(색)
이미지/페트병(색)/a (209).jpg,페트병(색)
이미지/페트병(색)/a (210).jpg,페트병(색)
이미지/페트병(색)/a (211).jpg,페트병(색)
이미지/페트병(색)/a (212).jpg,페트병(색)
이미지/페트병(색)/a (213).jpg,페트병(색)
이미지/페트병(색)/a (214).jpg,페트병(색)
이미지/페트병(색)/a (215).jpg,페트병(색)
이미지/페트병(색)/a (216).jpg,페트병(색)
이미지/페트병(색)/a (217).jpg,페트병(색)
이미지/페트병(색)/a (218).jpg,페트병(색)
이미지/페트병(색)/a (219).jpg,페트병(색)
이미지/페트병(색)/a (220).jpg,페트병(색)
이미지/페트병(색)/a (221).jpg,페트병(색)
이미지/페트병(색)/a (222).jpg,페트병(색)
이미지/페트병(색)/a (223).jpg,페트병(색)
이미지/페트병(색)/a (224).jpg,페트병(색)
이미지/페트병(색)/a (225).jpg,페트병(색)
이미지/페트병(색)/a (226).jpg,페트병(색)
이미지/페트병(색)/a (227).jpg,페트병(색)
이미지/페트병(색)/a (228).jpg,페트병(색)
이미지/페트병(색)/a (229).jpg,페트병(색)
이미지/페트병(색)/a (230).jpg,페트병(색)
이미지/페트병(색)/a (231).jpg,페트병(색)
이미지/페트병(색)/a (232).jpg,페트병(색)
이미지/페트병(색)/a (233).jpg,페트병(색)
이미지/페트병(색)/a (234).jpg,페트병(색)
이미지/페트병(색)/a (235).jpg,페트병(색)
이미지/페트병(색)/a (236).jpg,페트병(색)
이미지/페트병(색)/a (237).jpg,페트병(색)
이미지/페트병(색)/a (238).jpg,페트병(색)
이미지/페트병(색)/a (239).jpg,페트병(색)
이미지/페트병(색)/a (240).jpg,페트병(색)
이미지/페트병(색)/a (241).jpg,페트병(색)
이미지/페트병(색)/a (242).jpg,페트병(색)
이미지/페트병(색)/a (243).jpg,페트병(색)
이미지/페트병(색)/a (244).jpg,페트병(색)
이미지/페트병(색)/a (245).jpg,페트병(색)
이미지/페트병(색)/a (246).jpg,페트병(색)
이미지/페트병(색)/a (247).jpg,페트병(색)
이미지/페트병(색)/a (248).jpg,페트병(색)
이미지/페트병(색)/a (249).jpg,페트병(색)
이미지/페트병(색)/a (250).jpg,페트병(색)
이미지/페트병(무색)/b (1).jpg,페트병(무색)
이미지/페트병(무색)/b (2).jpg,페트병(무색)
이미지/페트병(무색)/b (3).jpg,페트병(무색)
이미지/페트병(무색)/b (4).jpg,페트병(무색)
이미지/페트병(무색)/b (5).jpg,페트병(무색)
이미지/페트병(무색)/b (6).jpg,페트병(무색)
이미지/페트병(무색)/b (7).jpg,페트병(무색)
이미지/페트병(무색)/b (8).jpg,페트병(무색)
이미지/페트병(무색)/b (9).jpg,페트병(무색)
이미지/페트병(무색)/b (10).jpg,페트병(무색)
이미지/페트병(무색)/b (11).jpg,페트병(무색)
이미지/페트병(무색)/b (12).jpg,페트병(무색)
이미지/페트병(무색)/b (13).jpg,페트병(무색)
이미지/페트병(무색)/b (14).jpg,페트병(무색)
이미지/페트병(무색)/b (15).jpg,페트병(무색)
이미지/페트병(무색)/b (16).jpg,페트병(무색)
이미지/페트병(무색)/b (17).jpg,페트병(무색)
이미지/페트병(무색)/b (18).jpg,페트병(무색)
이미지/페트병(무색)/b (19).jpg,페트병(무색)
이미지/페트병(무색)/b (20).jpg,페트병(무색)
이미지/페트병(무색)/b (21).jpg,페트병(무색)
이미지/페트병(무색)/b (22).jpg,페트병(무색)
이미지/페트병(무색)/b (23).jpg,페트병(무색)
이미지/페트병(무색)/b (24).jpg,페트병(무색)
이미지/페트병(무색)/b (25).jpg,페트병(무색)
이미지/페트병(무색)/b (26).jpg,페트병(무색)
이미지/페트병(무색)/b (27).jpg,페트병(무색)
이미지/페트병(무색)/b (28).jpg,페트병(무색)
이미지/페트병(무색)/b (29).jpg,페트병(무색)
이미지/페트병(무색)/b (30).jpg,페트병(무색)
이미지/페트병(무색)/b (31).jpg,페트병(무색)
이미지/페트병(무색)/b (32).jpg,페트병(무색)
이미지/페트병(무색)/b (33).jpg,페트병(무색)
이미지/페트병(무색)/b (34).jpg,페트병(무색)
이미지/페트병(무색)/b (35).jpg,페트병(무색)
이미지/페트병(무색)/b (36).jpg,페트병(무색)
이미지/페트병(무색)/b (37).jpg,페트병(무색)
이미지/페트병(무색)/b (38).jpg,페트병(무색)
이미지/페트병(무색)/b (39).jpg,페트병(무색)
이미지/페트병(무색)/b (40).jpg,페트병(무색)
이미지/페트병(무색)/b (41).jpg,페트병(무색)
이미지/페트병(무색)/b (42).jpg,페트병(무색)
이미지/페트병(무색)/b (43).jpg,페트병(무색)
이미지/페트병(무색)/b (44).jpg,페트병(무색)
이미지/페트병(무색)/b (45).jpg,페트병(무색)
이미지/페트병(무색)/b (46).jpg,페트병(무색)
이미지/페트병(무색)/b (47).jpg,페트병(무색)
이미지/페트병(무색)/b (48).jpg,페트병(무색)
이미지/페트병(무색)/b (49).jpg,페트병(무색)
이미지/페트병(무색)/b (50).jpg,페트병(무색)
이미지/페트병(무색)/b (51).jpg,페트병(무색)
이미지/페트병(무색)/b (52).jpg,페트병(무색)
이미지/페트병(무색)/b (53).jpg,페트병(무색)
이미지/페트병(무색)/b (54).jpg,페트병(무색)
이미지/페트병(무색)/b (55).jpg,페트병(무색)
이미지/페트병(무색)/b (56).jpg,페트병(무색)
이미지/페트병(무색)/b (57).jpg,페트병(무색)
이미지/페트병(무색)/b (58).jpg,페트병(무색)
이미지/페트병(무색)/b (59).jpg,페트병(무색)
이미지/페트병(무색)/b (60).jpg,페트병(무색)
이미지/페트병(무색)/b (61).jpg,페트병(무색)
이미지/페트병(무색)/b (62).jpg,페트병(무색)
이미지/페트병(무색)/b (63).jpg,페트병(무색)
이미지/페트병(무색)/b (64).jpg,페트병(무색)
이미지/페트병(무색)/b (65).jpg,페트병(무색)
이미지/페트병(무색)/b (66).jpg,페트병(무색)
이미지/페트병(무색)/b (67).jpg,페트병(무색)
이미지/페트병(무색)/b (68).jpg,페트병(무색)
이미지/페트병(무색)/b (69).jpg,페트병(무색)
이미지/페트병(무색)/b (70).jpg,페트병(무색)
이미지/페트병(무색)/b (71).jpg,페트병(무색)
이미지/페트병(무색)/b (72).jpg,페트병(무색)
이미지/페트병(무색)/b (73).jpg,페트병(무색)
이미지/페트병(무색)/b (74).jpg,페트병(무색)
이미지/페트병(무색)/b (75).jpg,페트병(무색)
이미지/페트병(무색)/b (76).jpg,페트병(무색)
이미지/페트병(무색)/b (77).jpg,페트병(무색)
이미지/페트병(무색)/b (78).jpg,페트병(무색)
이미지/페트병(무색)/b (79).jpg,페트병(무색)
이미지/페트병(무색)/b (80).jpg,페트병(무색)
이미지/페트병(무색)/b (81).jpg,페트병(무색)
이미지/페트병(무색)/b (82).jpg,페트병(무색)
이미지/페트병(무색)/b (83).jpg,페트병(무색)
이미지/페트병(무색)/b (84).jpg,페트병(무색)
이미지/페트병(무색)/b (85).jpg,페트병(무색)
이미지/페트병(무색)/b (86).jpg,페트병(무색)
이미지/페트병(무색)/b (87).jpg,페트병(무색)
이미지/페트병(무색)/b (88).jpg,페트병(무색)
이미지/페트병(무색)/b (89).jpg,페트병(무색)
이미지/페트병(무색)/b (90).jpg,페트병(무색)
이미지/페트병(무색)/b (91).jpg,페트병(무색)
이미지/페트병(무색)/b (92).jpg,페트병(무색)
이미지/페트병(무색)/b (93).jpg,페트병(무색)
이미지/페트병(무색)/b (94).jpg,페트병(무색)
이미지/페트병(무색)/b (95).jpg,페트병(무색)
이미지/페트병(무색)/b (96).jpg,페트병(무색)
이미지/페트병(무색)/b (97).jpg,페트병(무색)
이미지/페트병(무색)/b (98).jpg,페트병(무색)
이미지/페트병(무색)/b (99).jpg,페트병(무색)
이미지/페트병(무색)/b (100).jpg,페트병(무색)
이미지/페트병(무색)/b (101).jpg,페트병(무색)
이미지/페트병(무색)/b (102).jpg,페트병(무색)
이미지/페트병(무색)/b (103).jpg,페트병(무색)
이미지/페트병(무색)/b (104).jpg,페트병(무색)
이미지/페트병(무색)/b (105).jpg,페트병(무색)
이미지/페트병(무색)/b (106).jpg,페트병(무색)
이미지/페트병(무색)/b (107).jpg,페트병(무색)
이미지/페트병(무색)/b (108).jpg,페트병(무색)
이미지/페트병(무색)/b (109).jpg,페트병(무색)
이미지/페트병(무색)/b (110).jpg,페트병(무색)
이미지/페트병(무색)/b (111).jpg,페트병(무색)
이미지/페트병(무색)/b (112).jpg,페트병(무색)
이미지/페트병(무색)/b (113).jpg,페트병(무색)
이미지/페트병(무색)/b (114).jpg,페트병(무색)
이미지/페트병(무색)/b (115).jpg,페트병(무색)
이미지/페트병(무색)/b (116).jpg,페트병(무색)
이미지/페트병(무색)/b (117).jpg,페트병(무색)
이미지/페트병(무색)/b (118).jpg,페트병(무색)
이미지/페트병(무색)/b (119).jpg,페트병(무색)
이미지/페트병(무색)/b (120).jpg,페트병(무색)
이미지/페트병(무색)/b (121).jpg,페트병(무색)
이미지/페트병(무색)/b (122).jpg,페트병(무색)
이미지/페트병(무색)/b (123).jpg,페트병(무색)
이미지/페트병(무색)/b (124).jpg,페트병(무색)
이미지/페트병(무색)/b (125).jpg,페트병(무색)
이미지/페트병(무색)/b (126).jpg,페트병(무색)
이미지/페트병(무색)/b (127).jpg,페트병(무색)
이미지/페트병(무색)/b (128).jpg,페트병(무색)
이미지/페트병(무색)/b (129).jpg,페트병(무색)
이미지/페트병(무색)/b (130).jpg,페트병(무색)
이미지/페트병(무색)/b (131).jpg,페트병(무색)
이미지/페트병(무색)/b (132).jpg,페트병(무색)
이미지/페트병(무색)/b (133).jpg,페트병(무색)
이미지/페트병(무색)/b (134).jpg,페트병(무색)
이미지/페트병(무색)/b (135).jpg,페트병(무색)
이미지/페트병(무색)/b (136).jpg,페트병(무색)
이미지/페트병(무색)/b (137).jpg,페트병(무색)
이미지/페트병(무색)/b (138).jpg,페트병(무색)
이미지/페트병(무색)/b (139).jpg,페트병(무색)
이미지/페트병(무색)/b (140).jpg,페트병(무색)
이미지/페트병(무색)/b (141).jpg,페트병(무색)
이미지/페트병(무색)/b (142).jpg,페트병(무색)
이미지/페트병(무색)/b (143).jpg,페트병(무색)
이미지/페트병(무색)/b (144).jpg,페트병(무색)
이미지/페트병(무색)/b (145).jpg,페트병(무색)
이미지/페트병(무색)/b (146).jpg,페트병(무색)
이미지/페트병(무색)/b (147).jpg,페트병(무색)
이미지/페트병(무색)/b (148).jpg,페트병(무색)
이미지/페트병(무색)/b (149).jpg,페트병(무색)
이미지/페트병(무색)/b (150).jpg,페트병(무색)
이미지/페트병(무색)/b (151).jpg,페트병(무색)
이미지/페트병(무색)/b (152).jpg,페트병(무색)
이미지/페트병(무색)/b (153).jpg,페트병(무색)
이미지/페트병(무색)/b (154).jpg,페트병(무색)
이미지/페트병(무색)/b (155).jpg,페트병(무색)
이미지/페트병(무색)/b (156).jpg,페트병(무색)
이미지/페트병(무색)/b (157).jpg,페트병(무색)
이미지/페트병(무색)/b (158).jpg,페트병(무색)
이미지/페트병(무색)/b (159).jpg,페트병(무색)
이미지/페트병(무색)/b (160).jpg,페트병(무색)
이미지/페트병(무색)/b (161).jpg,페트병(무색)
이미지/페트병(무색)/b (162).jpg,페트병(무색)
이미지/페트병(무색)/b (163).jpg,페트병(무색)
이미지/페트병(무색)/b (164).jpg,페트병(무색)
이미지/페트병(무색)/b (165).jpg,페트병(무색)
이미지/페트병(무색)/b (166).jpg,페트병(무색)
이미지/페트병(무색)/b (167).jpg,페트병(무색)
이미지/페트병(무색)/b (168).jpg,페트병(무색)
이미지/페트병(무색)/b (169).jpg,페트병(무색)
이미지/페트병(무색)/b (170).jpg,페트병(무색)
이미지/페트병(무색)/b (171).jpg,페트병(무색)
이미지/페트병(무색)/b (172).jpg,페트병(무색)
이미지/페트병(무색)/b (173).jpg,페트병(무색)
이미지/페트병(무색)/b (174).jpg,페트병(무색)
이미지/페트병(무색)/b (175).jpg,페트병(무색)
이미지/페트병(무색)/b (176).jpg,페트병(무색)
이미지/페트병(무색)/b (177).jpg,페트병(무색)
이미지/페트병(무색)/b (178).jpg,페트병(무색)
이미지/페트병(무색)/b (179).jpg,페트병(무색)
이미지/페트병(무색)/b (180).jpg,페트병(무색)
이미지/페트병(무색)/b (181).jpg,페트병(무색)
이미지/페트병(무색)/b (182).jpg,페트병(무색)
이미지/페트병(무색)/b (183).jpg,페트병(무색)
이미지/페트병(무색)/b (184).jpg,페트병(무색)
이미지/페트병(무색)/b (185).jpg,페트병(무색)
이미지/페트병(무색)/b (186).jpg,페트병(무색)
이미지/페트병(무색)/b (187).jpg,페트병(무색)
이미지/페트병(무색)/b (188).jpg,페트병(무색)
이미지/페트병(무색)/b (189).jpg,페트병(무색)
이미지/페트병(무색)/b (190).jpg,페트병(무색)
이미지/페트병(무색)/b (191).jpg,페트병(무색)
이미지/페트병(무색)/b (192).jpg,페트병(무색)
이미지/페트병(무색)/b (193).jpg,페트병(무색)
이미지/페트병(무색)/b (194).jpg,페트병(무색)
이미지/페트병(무색)/b (195).jpg,페트병(무색)
이미지/페트병(무색)/b (196).jpg,페트병(무색)
이미지/페트병(무색)/b (197).jpg,페트병(무색)
이미지/페트병(무색)/b (198).jpg,페트병(무색)
이미지/페트병(무색)/b (199).jpg,페트병(무색)
이미지/페트병(무색)/b (200).jpg,페트병(무색)
이미지/페트병(무색)/b (201).jpg,페트병(무색)
이미지/페트병(무색)/b (202).jpg,페트병(무색)
이미지/페트병(무색)/b (203).jpg,페트병(무색)
이미지/페트병(무색)/b (204).jpg,페트병(무색)
이미지/페트병(무색)/b (205).jpg,페트병(무색)
이미지/페트병(무색)/b (206).jpg,페트병(무색)
이미지/페트병(무색)/b (207).jpg,페트병(무색)
이미지/페트병(무색)/b (208).jpg,페트병(무색)
이미지/페트병(무색)/b (209).jpg,페트병(무색)
이미지/페트병(무색)/b (210).jpg,페트병(무색)
이미지/페트병(무색)/b (211).jpg,페트병(무색)
이미지/페트병(무색)/b (212).jpg,페트병(무색)
이미지/페트병(무색)/b (213).jpg,페트병(무색)
이미지/페트병(무색)/b (214).jpg,페트병(무색)
이미지/페트병(무색)/b (215).jpg,페트병(무색)
이미지/페트병(무색)/b (216).jpg,페트병(무색)
이미지/페트병(무색)/b (217).jpg,페트병(무색)
이미지/페트병(무색)/b (218).jpg,페트병(무색)
이미지/페트병(무색)/b (219).jpg,페트병(무색)
이미지/페트병(무색)/b (220).jpg,페트병(무색)
이미지/페트병(무색)/b (221).jpg,페트병(무색)
이미지/페트병(무색)/b (222).jpg,페트병(무색)
이미지/페트병(무색)/b (223).jpg,페트병(무색)
이미지/페트병(무색)/b (224).jpg,페트병(무색)
이미지/페트병(무색)/b (225).jpg,페트병(무색)
이미지/페트병(무색)/b (226).jpg,페트병(무색)
이미지/페트병(무색)/b (227).jpg,페트병(무색)
이미지/페트병(무색)/b (228).jpg,페트병(무색)
이미지/페트병(무색)/b (229).jpg,페트병(무색)
이미지/페트병(무색)/b (230).jpg,페트병(무색)
이미지/페트병(무색)/b (231).jpg,페트병(무색)
이미지/페트병(무색)/b (232).jpg,페트병(무색)
이미지/페트병(무색)/b (233).jpg,페트병(무색)
이미지/페트병(무색)/b (234).jpg,페트병(무색)
이미지/페트병(무색)/b (235).jpg,페트병(무색)
이미지/페트병(무색)/b (236).jpg,페트병(무색)
이미지/페트병(무색)/b (237).jpg,페트병(무색)
이미지/페트병(무색)/b (238).jpg,페트병(무색)
이미지/페트병(무색)/b (239).jpg,페트병(무색)
이미지/페트병(무색)/b (240).jpg,페트병(무색)
이미지/페트병(무색)/b (241).jpg,페트병(무색)
이미지/페트병(무색)/b (242).jpg,페트병(무색)
이미지/페트병(무색)/b (243).jpg,페트병(무색)
이미지/페트병(무색)/b (244).jpg,페트병(무색)
이미지/페트병(무색)/b (245).jpg,페트병(무색)
이미지/페트병(무색)/b (246).jpg,페트병(무색)
이미지/페트병(무색)/b (247).jpg,페트병(무색)
이미지/페트병(무색)/b (248).jpg,페트병(무색)
이미지/페트병(무색)/b (249).jpg,페트병(무색)
이미지/페트병(무색)/b (250).jpg,페트병(무색)
이미지/플라스틱/c (1).jpg,플라스틱
이미지/플라스틱/c (2).jpg,플라스틱
이미지/플라스틱/c (3).jpg,플라스틱
이미지/플라스틱/c (4).jpg,플라스틱
이미지/플라스틱/c (5).jpg,플라스틱
이미지/플라스틱/c (6).jpg,플라스틱
이미지/플라스틱/c (7).jpg,플라스틱
이미지/플라스틱/c (8).jpg,플라스틱
이미지/플라스틱/c (9).jpg,플라스틱
이미지/플라스틱/c (10).jpg,플라스틱
이미지/플라스틱/c (11).jpg,플라스틱
이미지/플라스틱/c (12).jpg,플라스틱
이미지/플라스틱/c (13).jpg,플라스틱
이미지/플라스틱/c (14).jpg,플라스틱
이미지/플라스틱/c (15).jpg,플라스틱
이미지/플라스틱/c (16).jpg,플라스틱
이미지/플라스틱/c (17).jpg,플라스틱
이미지/플라스틱/c (18).jpg,플라스틱
이미지/플라스틱/c (19).jpg,플라스틱
이미지/플라스틱/c (20).jpg,플라스틱
이미지/플라스틱/c (21).jpg,플라스틱
이미지/플라스틱/c (22).jpg,플라스틱
이미지/플라스틱/c (23).jpg,플라스틱
이미지/플라스틱/c (24).jpg,플라스틱
이미지/플라스틱/c (25).jpg,플라스틱
이미지/플라스틱/c (26).jpg,플라스틱
이미지/플라스틱/c (27).jpg,플라스틱
이미지/플라스틱/c (28).jpg,플라스틱
이미지/플라스틱/c (29).jpg,플라스틱
이미지/플라스틱/c (30).jpg,플라스틱
이미지/플라스틱/c (31).jpg,플라스틱
이미지/플라스틱/c (32).jpg,플라스틱
이미지/플라스틱/c (33).jpg,플라스틱
이미지/플라스틱/c (34).jpg,플라스틱
이미지/플라스틱/c (35).jpg,플라스틱
이미지/플라스틱/c (36).jpg,플라스틱
이미지/플라스틱/c (37).jpg,플라스틱
이미지/플라스틱/c (38).jpg,플라스틱
이미지/플라스틱/c (39).jpg,플라스틱
이미지/플라스틱/c (40).jpg,플라스틱
이미지/플라스틱/c (41).jpg,플라스틱
이미지/플라스틱/c (42).jpg,플라스틱
이미지/플라스틱/c (43).jpg,플라스틱
이미지/플라스틱/c (44).jpg,플라스틱
이미지/플라스틱/c (45).jpg,플라스틱
이미지/플라스틱/c (46).jpg,플라스틱
이미지/플라스틱/c (47).jpg,플라스틱
이미지/플라스틱/c (48).jpg,플라스틱
이미지/플라스틱/c (49).jpg,플라스틱
이미지/플라스틱/c (50).jpg,플라스틱
이미지/플라스틱/c (51).jpg,플라스틱
이미지/플라스틱/c (52).jpg,플라스틱
이미지/플라스틱/c (53).jpg,플라스틱
이미지/플라스틱/c (54).jpg,플라스틱
이미지/플라스틱/c (55).jpg,플라스틱
이미지/플라스틱/c (56).jpg,플라스틱
이미지/플라스틱/c (57).jpg,플라스틱
이미지/플라스틱/c (58).jpg,플라스틱
이미지/플라스틱/c (59).jpg,플라스틱
이미지/플라스틱/c (60).jpg,플라스틱
이미지/플라스틱/c (61).jpg,플라스틱
이미지/플라스틱/c (62).jpg,플라스틱
이미지/플라스틱/c (63).jpg,플라스틱
이미지/플라스틱/c (64).jpg,플라스틱
이미지/플라스틱/c (65).jpg,플라스틱
이미지/플라스틱/c (66).jpg,플라스틱
이미지/플라스틱/c (67).jpg,플라스틱
이미지/플라스틱/c (68).jpg,플라스틱
이미지/플라스틱/c (69).jpg,플라스틱
이미지/플라스틱/c (70).jpg,플라스틱
이미지/플라스틱/c (71).jpg,플라스틱
이미지/플라스틱/c (72).jpg,플라스틱
이미지/플라스틱/c (73).jpg,플라스틱
이미지/플라스틱/c (74).jpg,플라스틱
이미지/플라스틱/c (75).jpg,플라스틱
이미지/플라스틱/c (76).jpg,플라스틱
이미지/플라스틱/c (77).jpg,플라스틱
이미지/플라스틱/c (78).jpg,플라스틱
이미지/플라스틱/c (79).jpg,플라스틱
이미지/플라스틱/c (80).jpg,플라스틱
이미지/플라스틱/c (81).jpg,플라스틱
이미지/플라스틱/c (82).jpg,플라스틱
이미지/플라스틱/c (83).jpg,플라스틱
이미지/플라스틱/c (84).jpg,플라스틱
이미지/플라스틱/c (85).jpg,플라스틱
이미지/플라스틱/c (86).jpg,플라스틱
이미지/플라스틱/c (87).jpg,플라스틱
이미지/플라스틱/c (88).jpg,플라스틱
이미지/플라스틱/c (89).jpg,플라스틱
이미지/플라스틱/c (90).jpg,플라스틱
이미지/플라스틱/c (91).jpg,플라스틱
이미지/플라스틱/c (92).jpg,플라스틱
이미지/플라스틱/c (93).jpg,플라스틱
이미지/플라스틱/c (94).jpg,플라스틱
이미지/플라스틱/c (95).jpg,플라스틱
이미지/플라스틱/c (96).jpg,플라스틱
이미지/플라스틱/c (97).jpg,플라스틱
이미지/플라스틱/c (98).jpg,플라스틱
이미지/플라스틱/c (99).jpg,플라스틱
이미지/플라스틱/c (100).jpg,플라스틱
이미지/플라스틱/c (101).jpg,플라스틱
이미지/플라스틱/c (102).jpg,플라스틱
이미지/플라스틱/c (103).jpg,플라스틱
이미지/플라스틱/c (104).jpg,플라스틱
이미지/플라스틱/c (105).jpg,플라스틱
이미지/플라스틱/c (106).jpg,플라스틱
이미지/플라스틱/c (107).jpg,플라스틱
이미지/플라스틱/c (108).jpg,플라스틱
이미지/플라스틱/c (109).jpg,플라스틱
이미지/플라스틱/c (110).jpg,플라스틱
이미지/플라스틱/c (111).jpg,플라스틱
이미지/플라스틱/c (112).jpg,플라스틱
이미지/플라스틱/c (113).jpg,플라스틱
이미지/플라스틱/c (114).jpg,플라스틱
이미지/플라스틱/c (115).jpg,플라스틱
이미지/플라스틱/c (116).jpg,플라스틱
이미지/플라스틱/c (117).jpg,플라스틱
이미지/플라스틱/c (118).jpg,플라스틱
이미지/플라스틱/c (119).jpg,플라스틱
이미지/플라스틱/c (120).jpg,플라스틱
이미지/플라스틱/c (121).jpg,플라스틱
이미지/플라스틱/c (122).jpg,플라스틱
이미지/플라스틱/c (123).jpg,플라스틱
이미지/플라스틱/c (124).jpg,플라스틱
이미지/플라스틱/c (125).jpg,플라스틱
이미지/플라스틱/c (126).jpg,플라스틱
이미지/플라스틱/c (127).jpg,플라스틱
이미지/플라스틱/c (128).jpg,플라스틱
이미지/플라스틱/c (129).jpg,플라스틱
이미지/플라스틱/c (130).jpg,플라스틱
이미지/플라스틱/c (131).jpg,플라스틱
이미지/플라스틱/c (132).jpg,플라스틱
이미지/플라스틱/c (133).jpg,플라스틱
이미지/플라스틱/c (134).jpg,플라스틱
이미지/플라스틱/c (135).jpg,플라스틱
이미지/플라스틱/c (136).jpg,플라스틱
이미지/플라스틱/c (137).jpg,플라스틱
이미지/플라스틱/c (138).jpg,플라스틱
이미지/플라스틱/c (139).jpg,플라스틱
이미지/플라스틱/c (140).jpg,플라스틱
이미지/플라스틱/c (141).jpg,플라스틱
이미지/플라스틱/c (142).jpg,플라스틱
이미지/플라스틱/c (143).jpg,플라스틱
이미지/플라스틱/c (144).jpg,플라스틱
이미지/플라스틱/c (145).jpg,플라스틱
이미지/플라스틱/c (146).jpg,플라스틱
이미지/플라스틱/c (147).jpg,플라스틱
이미지/플라스틱/c (148).jpg,플라스틱
이미지/플라스틱/c (149).jpg,플라스틱
이미지/플라스틱/c (150).jpg,플라스틱
이미지/플라스틱/c (151).jpg,플라스틱
이미지/플라스틱/c (152).jpg,플라스틱
이미지/플라스틱/c (153).jpg,플라스틱
이미지/플라스틱/c (154).jpg,플라스틱
이미지/플라스틱/c (155).jpg,플라스틱
이미지/플라스틱/c (156).jpg,플라스틱
이미지/플라스틱/c (157).jpg,플라스틱
이미지/플라스틱/c (158).jpg,플라스틱
이미지/플라스틱/c (159).jpg,플라스틱
이미지/플라스틱/c (160).jpg,플라스틱
이미지/플라스틱/c (161).jpg,플라스틱
이미지/플라스틱/c (162).jpg,플라스틱
이미지/플라스틱/c (163).jpg,플라스틱
이미지/플라스틱/c (164).jpg,플라스틱
이미지/플라스틱/c (165).jpg,플라스틱
이미지/플라스틱/c (166).jpg,플라스틱
이미지/플라스틱/c (167).jpg,플라스틱
이미지/플라스틱/c (168).jpg,플라스틱
이미지/플라스틱/c (169).jpg,플라스틱
이미지/플라스틱/c (170).jpg,플라스틱
이미지/플라스틱/c (171).jpg,플라스틱
이미지/플라스틱/c (172).jpg,플라스틱
이미지/플라스틱/c (173).jpg,플라스틱
이미지/플라스틱/c (174).jpg,플라스틱
이미지/플라스틱/c (175).jpg,플라스틱
이미지/플라스틱/c (176).jpg,플라스틱
이미지/플라스틱/c (177).jpg,플라스틱
이미지/플라스틱/c (178).jpg,플라스틱
이미지/플라스틱/c (179).jpg,플라스틱
이미지/플라스틱/c (180).jpg,플라스틱
이미지/플라스틱/c (181).jpg,플라스틱
이미지/플라스틱/c (182).jpg,플라스틱
이미지/플라스틱/c (183).jpg,플라스틱
이미지/플라스틱/c (184).jpg,플라스틱
이미지/플라스틱/c (185).jpg,플라스틱
이미지/플라스틱/c (186).jpg,플라스틱
이미지/플라스틱/c (187).jpg,플라스틱
이미지/플라스틱/c (188).jpg,플라스틱
이미지/플라스틱/c (189).jpg,플라스틱
이미지/플라스틱/c (190).jpg,플라스틱
이미지/플라스틱/c (191).jpg,플라스틱
이미지/플라스틱/c (192).jpg,플라스틱
이미지/플라스틱/c (193).jpg,플라스틱
이미지/플라스틱/c (194).jpg,플라스틱
이미지/플라스틱/c (195).jpg,플라스틱
이미지/플라스틱/c (196).jpg,플라스틱
이미지/플라스틱/c (197).jpg,플라스틱
이미지/플라스틱/c (198).jpg,플라스틱
이미지/플라스틱/c (199).jpg,플라스틱
이미지/플라스틱/c (200).jpg,플라스틱
이미지/플라스틱/c (201).jpg,플라스틱
이미지/플라스틱/c (202).jpg,플라스틱
이미지/플라스틱/c (203).jpg,플라스틱
이미지/플라스틱/c (204).jpg,플라스틱
이미지/플라스틱/c (205).jpg,플라스틱
이미지/플라스틱/c (206).jpg,플라스틱
이미지/플라스틱/c (207).jpg,플라스틱
이미지/플라스틱/c (208).jpg,플라스틱
이미지/플라스틱/c (209).jpg,플라스틱
이미지/플라스틱/c (210).jpg,플라스틱
이미지/플라스틱/c (211).jpg,플라스틱
이미지/플라스틱/c (212).jpg,플라스틱
이미지/플라스틱/c (213).jpg,플라스틱
이미지/플라스틱/c (214).jpg,플라스틱
이미지/플라스틱/c (215).jpg,플라스틱
이미지/플라스틱/c (216).jpg,플라스틱
이미지/플라스틱/c (217).jpg,플라스틱
이미지/플라스틱/c (218).jpg,플라스틱
이미지/플라스틱/c (219).jpg,플라스틱
이미지/플라스틱/c (220).jpg,플라스틱
이미지/플라스틱/c (221).jpg,플라스틱
이미지/플라스틱/c (222).jpg,플라스틱
이미지/플라스틱/c (223).jpg,플라스틱
이미지/플라스틱/c (224).jpg,플라스틱
이미지/플라스틱/c (225).jpg,플라스틱
이미지/플라스틱/c (226).jpg,플라스틱
이미지/플라스틱/c (227).jpg,플라스틱
이미지/플라스틱/c (228).jpg,플라스틱
이미지/플라스틱/c (229).jpg,플라스틱
이미지/플라스틱/c (230).jpg,플라스틱
이미지/플라스틱/c (231).jpg,플라스틱
이미지/플라스틱/c (232).jpg,플라스틱
이미지/플라스틱/c (233).jpg,플라스틱
이미지/플라스틱/c (234).jpg,플라스틱
이미지/플라스틱/c (235).jpg,플라스틱
이미지/플라스틱/c (236).jpg,플라스틱
이미지/플라스틱/c (237).jpg,플라스틱
이미지/플라스틱/c (238).jpg,플라스틱
이미지/플라스틱/c (239).jpg,플라스틱
이미지/플라스틱/c (240).jpg,플라스틱
이미지/플라스틱/c (241).jpg,플라스틱
이미지/플라스틱/c (242).jpg,플라스틱
이미지/플라스틱/c (243).jpg,플라스틱
이미지/플라스틱/c (244).jpg,플라스틱
이미지/플라스틱/c (245).jpg,플라스틱
이미지/플라스틱/c (246).jpg,플라스틱
이미지/플라스틱/c (247).jpg,플라스틱
이미지/플라스틱/c (248).jpg,플라스틱
이미지/플라스틱/c (249).jpg,플라스틱
이미지/플라스틱/c (250).jpg,플라스틱
이미지/캔/d (1).jpg,캔
이미지/캔/d (2).jpg,캔
이미지/캔/d (3).jpg,캔
이미지/캔/d (4).jpg,캔
이미지/캔/d (5).jpg,캔
이미지/캔/d (6).jpg,캔
이미지/캔/d (7).jpg,캔
이미지/캔/d (8).jpg,캔
이미지/캔/d (9).jpg,캔
이미지/캔/d (10).jpg,캔
이미지/캔/d (11).jpg,캔
이미지/캔/d (12).jpg,캔
이미지/캔/d (13).jpg,캔
이미지/캔/d (14).jpg,캔
이미지/캔/d (15).jpg,캔
이미지/캔/d (16).jpg,캔
이미지/캔/d (17).jpg,캔
이미지/캔/d (18).jpg,캔
이미지/캔/d (19).jpg,캔
이미지/캔/d (20).jpg,캔
이미지/캔/d (21).jpg,캔
이미지/캔/d (22).jpg,캔
이미지/캔/d (23).jpg,캔
이미지/캔/d (24).jpg,캔
이미지/캔/d (25).jpg,캔
이미지/캔/d (26).jpg,캔
이미지/캔/d (27).jpg,캔
이미지/캔/d (28).jpg,캔
이미지/캔/d (29).jpg,캔
이미지/캔/d (30).jpg,캔
이미지/캔/d (31).jpg,캔
이미지/캔/d (32).jpg,캔
이미지/캔/d (33).jpg,캔
이미지/캔/d (34).jpg,캔
이미지/캔/d (35).jpg,캔
이미지/캔/d (36).jpg,캔
이미지/캔/d (37).jpg,캔
이미지/캔/d (38).jpg,캔
이미지/캔/d (39).jpg,캔
이미지/캔/d (40).jpg,캔
이미지/캔/d (41).jpg,캔
이미지/캔/d (42).jpg,캔
이미지/캔/d (43).jpg,캔
이미지/캔/d (44).jpg,캔
이미지/캔/d (45).jpg,캔
이미지/캔/d (46).jpg,캔
이미지/캔/d (47).jpg,캔
이미지/캔/d (48).jpg,캔
이미지/캔/d (49).jpg,캔
이미지/캔/d (50).jpg,캔
이미지/캔/d (51).jpg,캔
이미지/캔/d (52).jpg,캔
이미지/캔/d (53).jpg,캔
이미지/캔/d (54).jpg,캔
이미지/캔/d (55).jpg,캔
이미지/캔/d (56).jpg,캔
이미지/캔/d (57).jpg,캔
이미지/캔/d (58).jpg,캔
이미지/캔/d (59).jpg,캔
이미지/캔/d (60).jpg,캔
이미지/캔/d (61).jpg,캔
이미지/캔/d (62).jpg,캔
이미지/캔/d (63).jpg,캔
이미지/캔/d (64).jpg,캔
이미지/캔/d (65).jpg,캔
이미지/캔/d (66).jpg,캔
이미지/캔/d (67).jpg,캔
이미지/캔/d (68).jpg,캔
이미지/캔/d (69).jpg,캔
이미지/캔/d (70).jpg,캔
이미지/캔/d (71).jpg,캔
이미지/캔/d (72).jpg,캔
이미지/캔/d (73).jpg,캔
이미지/캔/d (74).jpg,캔
이미지/캔/d (75).jpg,캔
이미지/캔/d (76).jpg,캔
이미지/캔/d (77).jpg,캔
이미지/캔/d (78).jpg,캔
이미지/캔/d (79).jpg,캔
이미지/캔/d (80).jpg,캔
이미지/캔/d (81).jpg,캔
이미지/캔/d (82).jpg,캔
이미지/캔/d (83).jpg,캔
이미지/캔/d (84).jpg,캔
이미지/캔/d (85).jpg,캔
이미지/캔/d (86).jpg,캔
이미지/캔/d (87).jpg,캔
이미지/캔/d (88).jpg,캔
이미지/캔/d (89).jpg,캔
이미지/캔/d (90).jpg,캔
이미지/캔/d (91).jpg,캔
이미지/캔/d (92).jpg,캔
이미지/캔/d (93).jpg,캔
이미지/캔/d (94).jpg,캔
이미지/캔/d (95).jpg,캔
이미지/캔/d (96).jpg,캔
이미지/캔/d (97).jpg,캔
이미지/캔/d (98).jpg,캔
이미지/캔/d (99).jpg,캔
이미지/캔/d (100).jpg,캔
이미지/캔/d (101).jpg,캔
이미지/캔/d (102).jpg,캔
이미지/캔/d (103).jpg,캔
이미지/캔/d (104).jpg,캔
이미지/캔/d (105).jpg,캔
이미지/캔/d (106).jpg,캔
이미지/캔/d (107).jpg,캔
이미지/캔/d (108).jpg,캔
이미지/캔/d (109).jpg,캔
이미지/캔/d (110).jpg,캔
이미지/캔/d (111).jpg,캔
이미지/캔/d (112).jpg,캔
이미지/캔/d (113).jpg,캔
이미지/캔/d (114).jpg,캔
이미지/캔/d (115).jpg,캔
이미지/캔/d (116).jpg,캔
이미지/캔/d (117).jpg,캔
이미지/캔/d (118).jpg,캔
이미지/캔/d (119).jpg,캔
이미지/캔/d (120).jpg,캔
이미지/캔/d (121).jpg,캔
이미지/캔/d (122).jpg,캔
이미지/캔/d (123).jpg,캔
이미지/캔/d (124).jpg,캔
이미지/캔/d (125).jpg,캔
이미지/캔/d (126).jpg,캔
이미지/캔/d (127).jpg,캔
이미지/캔/d (128).jpg,캔
이미지/캔/d (129).jpg,캔
이미지/캔/d (130).jpg,캔
이미지/캔/d (131).jpg,캔
이미지/캔/d (132).jpg,캔
이미지/캔/d (133).jpg,캔
이미지/캔/d (134).jpg,캔
이미지/캔/d (135).jpg,캔
이미지/캔/d (136).jpg,캔
이미지/캔/d (137).jpg,캔
이미지/캔/d (138).jpg,캔
이미지/캔/d (139).jpg,캔
이미지/캔/d (140).jpg,캔
이미지/캔/d (141).jpg,캔
이미지/캔/d (142).jpg,캔
이미지/캔/d (143).jpg,캔
이미지/캔/d (144).jpg,캔
이미지/캔/d (145).jpg,캔
이미지/캔/d (146).jpg,캔
이미지/캔/d (147).jpg,캔
이미지/캔/d (148).jpg,캔
이미지/캔/d (149).jpg,캔
이미지/캔/d (150).jpg,캔
이미지/캔/d (151).jpg,캔
이미지/캔/d (152).jpg,캔
이미지/캔/d (153).jpg,캔
이미지/캔/d (154).jpg,캔
이미지/캔/d (155).jpg,캔
이미지/캔/d (156).jpg,캔
이미지/캔/d (157).jpg,캔
이미지/캔/d (158).jpg,캔
이미지/캔/d (159).jpg,캔
이미지/캔/d (160).jpg,캔
이미지/캔/d (161).jpg,캔
이미지/캔/d (162).jpg,캔
이미지/캔/d (163).jpg,캔
이미지/캔/d (164).jpg,캔
이미지/캔/d (165).jpg,캔
이미지/캔/d (166).jpg,캔
이미지/캔/d (167).jpg,캔
이미지/캔/d (168).jpg,캔
이미지/캔/d (169).jpg,캔
이미지/캔/d (170).jpg,캔
이미지/캔/d (171).jpg,캔
이미지/캔/d (172).jpg,캔
이미지/캔/d (173).jpg,캔
이미지/캔/d (174).jpg,캔
이미지/캔/d (175).jpg,캔
이미지/캔/d (176).jpg,캔
이미지/캔/d (177).jpg,캔
이미지/캔/d (178).jpg,캔
이미지/캔/d (179).jpg,캔
이미지/캔/d (180).jpg,캔
이미지/캔/d (181).jpg,캔
이미지/캔/d (182).jpg,캔
이미지/캔/d (183).jpg,캔
이미지/캔/d (184).jpg,캔
이미지/캔/d (185).jpg,캔
이미지/캔/d (186).jpg,캔
이미지/캔/d (187).jpg,캔
이미지/캔/d (188).jpg,캔
이미지/캔/d (189).jpg,캔
이미지/캔/d (190).jpg,캔
이미지/캔/d (191).jpg,캔
이미지/캔/d (192).jpg,캔
이미지/캔/d (193).jpg,캔
이미지/캔/d (194).jpg,캔
이미지/캔/d (195).jpg,캔
이미지/캔/d (196).jpg,캔
이미지/캔/d (197).jpg,캔
이미지/캔/d (198).jpg,캔
이미지/캔/d (199).jpg,캔
이미지/캔/d (200).jpg,캔
이미지/캔/d (201).jpg,캔
이미지/캔/d (202).jpg,캔
이미지/캔/d (203).jpg,캔
이미지/캔/d (204).jpg,캔
이미지/캔/d (205).jpg,캔
이미지/캔/d (206).jpg,캔
이미지/캔/d (207).jpg,캔
이미지/캔/d (208).jpg,캔
이미지/캔/d (209).jpg,캔
이미지/캔/d (210).jpg,캔
이미지/캔/d (211).jpg,캔
이미지/캔/d (212).jpg,캔
이미지/캔/d (213).jpg,캔
이미지/캔/d (214).jpg,캔
이미지/캔/d (215).jpg,캔
이미지/캔/d (216).jpg,캔
이미지/캔/d (217).jpg,캔
이미지/캔/d (218).jpg,캔
이미지/캔/d (219).jpg,캔
이미지/캔/d (220).jpg,캔
이미지/캔/d (221).jpg,캔
이미지/캔/d (222).jpg,캔
이미지/캔/d (223).jpg,캔
이미지/캔/d (224).jpg,캔
이미지/캔/d (225).jpg,캔
이미지/캔/d (226).jpg,캔
이미지/캔/d (227).jpg,캔
이미지/캔/d (228).jpg,캔
이미지/캔/d (229).jpg,캔
이미지/캔/d (230).jpg,캔
이미지/캔/d (231).jpg,캔
이미지/캔/d (232).jpg,캔
이미지/캔/d (233).jpg,캔
이미지/캔/d (234).jpg,캔
이미지/캔/d (235).jpg,캔
이미지/캔/d (236).jpg,캔
이미지/캔/d (237).jpg,캔
이미지/캔/d (238).jpg,캔
이미지/캔/d (239).jpg,캔
이미지/캔/d (240).jpg,캔
이미지/캔/d (241).jpg,캔
이미지/캔/d (242).jpg,캔
이미지/캔/d (243).jpg,캔
이미지/캔/d (244).jpg,캔
이미지/캔/d (245).jpg,캔
이미지/캔/d (246).jpg,캔
이미지/캔/d (247).jpg,캔
이미지/캔/d (248).jpg,캔
이미지/캔/d (249).jpg,캔
이미지/캔/d (250).jpg,캔
이미지/종이/e (1).jpg,종이
이미지/종이/e (2).jpg,종이
이미지/종이/e (3).jpg,종이
이미지/종이/e (4).jpg,종이
이미지/종이/e (5).jpg,종이
이미지/종이/e (6).jpg,종이
이미지/종이/e (7).jpg,종이
이미지/종이/e (8).jpg,종이
이미지/종이/e (9).jpg,종이
이미지/종이/e (10).jpg,종이
이미지/종이/e (11).jpg,종이
이미지/종이/e (12).jpg,종이
이미지/종이/e (13).jpg,종이
이미지/종이/e (14).jpg,종이
이미지/종이/e (15).jpg,종이
이미지/종이/e (16).jpg,종이
이미지/종이/e (17).jpg,종이
이미지/종이/e (18).jpg,종이
이미지/종이/e (19).jpg,종이
이미지/종이/e (20).jpg,종이
이미지/종이/e (21).jpg,종이
이미지/종이/e (22).jpg,종이
이미지/종이/e (23).jpg,종이
이미지/종이/e (24).jpg,종이
이미지/종이/e (25).jpg,종이
이미지/종이/e (26).jpg,종이
이미지/종이/e (27).jpg,종이
이미지/종이/e (28).jpg,종이
이미지/종이/e (29).jpg,종이
이미지/종이/e (30).jpg,종이
이미지/종이/e (31).jpg,종이
이미지/종이/e (32).jpg,종이
이미지/종이/e (33).jpg,종이
이미지/종이/e (34).jpg,종이
이미지/종이/e (35).jpg,종이
이미지/종이/e (36).jpg,종이
이미지/종이/e (37).jpg,종이
이미지/종이/e (38).jpg,종이
이미지/종이/e (39).jpg,종이
이미지/종이/e (40).jpg,종이
이미지/종이/e (41).jpg,종이
이미지/종이/e (42).jpg,종이
이미지/종이/e (43).jpg,종이
이미지/종이/e (44).jpg,종이
이미지/종이/e (45).jpg,종이
이미지/종이/e (46).jpg,종이
이미지/종이/e (47).jpg,종이
이미지/종이/e (48).jpg,종이
이미지/종이/e (49).jpg,종이
이미지/종이/e (50).jpg,종이
이미지/종이/e (51).jpg,종이
이미지/종이/e (52).jpg,종이
이미지/종이/e (53).jpg,종이
이미지/종이/e (54).jpg,종이
이미지/종이/e (55).jpg,종이
이미지/종이/e (56).jpg,종이
이미지/종이/e (57).jpg,종이
이미지/종이/e (58).jpg,종이
이미지/종이/e (59).jpg,종이
이미지/종이/e (60).jpg,종이
이미지/종이/e (61).jpg,종이
이미지/종이/e (62).jpg,종이
이미지/종이/e (63).jpg,종이
이미지/종이/e (64).jpg,종이
이미지/종이/e (65).jpg,종이
이미지/종이/e (66).jpg,종이
이미지/종이/e (67).jpg,종이
이미지/종이/e (68).jpg,종이
이미지/종이/e (69).jpg,종이
이미지/종이/e (70).jpg,종이
이미지/종이/e (71).jpg,종이
이미지/종이/e (72).jpg,종이
이미지/종이/e (73).jpg,종이
이미지/종이/e (74).jpg,종이
이미지/종이/e (75).jpg,종이
이미지/종이/e (76).jpg,종이
이미지/종이/e (77).jpg,종이
이미지/종이/e (78).jpg,종이
이미지/종이/e (79).jpg,종이
이미지/종이/e (80).jpg,종이
이미지/종이/e (81).jpg,종이
이미지/종이/e (82).jpg,종이
이미지/종이/e (83).jpg,종이
이미지/종이/e (84).jpg,종이
이미지/종이/e (85).jpg,종이
이미지/종이/e (86).jpg,종이
이미지/종이/e (87).jpg,종이
이미지/종이/e (88).jpg,종이
이미지/종이/e (89).jpg,종이
이미지/종이/e (90).jpg,종이
이미지/종이/e (91).jpg,종이
이미지/종이/e (92).jpg,종이
이미지/종이/e (93).jpg,종이
이미지/종이/e (94).jpg,종이
이미지/종이/e (95).jpg,종이
이미지/종이/e (96).jpg,종이
이미지/종이/e (97).jpg,종이
이미지/종이/e (98).jpg,종이
이미지/종이/e (99).jpg,종이
이미지/종이/e (100).jpg,종이
이미지/종이/e (101).jpg,종이
이미지/종이/e (102).jpg,종이
이미지/종이/e (103).jpg,종이
이미지/종이/e (104).jpg,종이
이미지/종이/e (105).jpg,종이
이미지/종이/e (106).jpg,종이
이미지/종이/e (107).jpg,종이
이미지/종이/e (108).jpg,종이
이미지/종이/e (109).jpg,종이
이미지/종이/e (110).jpg,종이
이미지/종이/e (111).jpg,종이
이미지/종이/e (112).jpg,종이
이미지/종이/e (113).jpg,종이
이미지/종이/e (114).jpg,종이
이미지/종이/e (115).jpg,종이
이미지/종이/e (116).jpg,종이
이미지/종이/e (117).jpg,종이
이미지/종이/e (118).jpg,종이
이미지/종이/e (119).jpg,종이
이미지/종이/e (120).jpg,종이
이미지/종이/e (121).jpg,종이
이미지/종이/e (122).jpg,종이
이미지/종이/e (123).jpg,종이
이미지/종이/e (124).jpg,종이
이미지/종이/e (125).jpg,종이
이미지/종이/e (126).jpg,종이
이미지/종이/e (127).jpg,종이
이미지/종이/e (128).jpg,종이
이미지/종이/e (129).jpg,종이
이미지/종이/e (130).jpg,종이
이미지/종이/e (131).jpg,종이
이미지/종이/e (132).jpg,종이
이미지/종이/e (133).jpg,종이
이미지/종이/e (134).jpg,종이
이미지/종이/e (135).jpg,종이
이미지/종이/e (136).jpg,종이
이미지/종이/e (137).jpg,종이
이미지/종이/e (138).jpg,종이
이미지/종이/e (139).jpg,종이
이미지/종이/e (140).jpg,종이
이미지/종이/e (141).jpg,종이
이미지/종이/e (142).jpg,종이
이미지/종이/e (143).jpg,종이
이미지/종이/e (144).jpg,종이
이미지/종이/e (145).jpg,종이
이미지/종이/e (146).jpg,종이
이미지/종이/e (147).jpg,종이
이미지/종이/e (148).jpg,종이
이미지/종이/e (149).jpg,종이
이미지/종이/e (150).jpg,종이
이미지/종이/e (151).jpg,종이
이미지/종이/e (152).jpg,종이
이미지/종이/e (153).jpg,종이
이미지/종이/e (154).jpg,종이
이미지/종이/e (155).jpg,종이
이미지/종이/e (156).jpg,종이
이미지/종이/e (157).jpg,종이
이미지/종이/e (158).jpg,종이
이미지/종이/e (159).jpg,종이
이미지/종이/e (160).jpg,종이
이미지/종이/e (161).jpg,종이
이미지/종이/e (162).jpg,종이
이미지/종이/e (163).jpg,종이
이미지/종이/e (164).jpg,종이
이미지/종이/e (165).jpg,종이
이미지/종이/e (166).jpg,종이
이미지/종이/e (167).jpg,종이
이미지/종이/e (168).jpg,종이
이미지/종이/e (169).jpg,종이
이미지/종이/e (170).jpg,종이
이미지/종이/e (171).jpg,종이
이미지/종이/e (172).jpg,종이
이미지/종이/e (173).jpg,종이
이미지/종이/e (174).jpg,종이
이미지/종이/e (175).jpg,종이
이미지/종이/e (176).jpg,종이
이미지/종이/e (177).jpg,종이
이미지/종이/e (178).jpg,종이
이미지/종이/e (179).jpg,종이
이미지/종이/e (180).jpg,종이
이미지/종이/e (181).jpg,종이
이미지/종이/e (182).jpg,종이
이미지/종이/e (183).jpg,종이
이미지/종이/e (184).jpg,종이
이미지/종이/e (185).jpg,종이
이미지/종이/e (186).jpg,종이
이미지/종이/e (187).jpg,종이
이미지/종이/e (188).jpg,종이
이미지/종이/e (189).jpg,종이
이미지/종이/e (190).jpg,종이
이미지/종이/e (191).jpg,종이
이미지/종이/e (192).jpg,종이
이미지/종이/e (193).jpg,종이
이미지/종이/e (194).jpg,종이
이미지/종이/e (195).jpg,종이
이미지/종이/e (196).jpg,종이
이미지/종이/e (197).jpg,종이
이미지/종이/e (198).jpg,종이
이미지/종이/e (199).jpg,종이
이미지/종이/e (200).jpg,종이
이미지/종이/e (201).jpg,종이
이미지/종이/e (202).jpg,종이
이미지/종이/e (203).jpg,종이
이미지/종이/e (204).jpg,종이
이미지/종이/e (205).jpg,종이
이미지/종이/e (206).jpg,종이
이미지/종이/e (207).jpg,종이
이미지/종이/e (208).jpg,종이
이미지/종이/e (209).jpg,종이
이미지/종이/e (210).jpg,종이
이미지/종이/e (211).jpg,종이
이미지/종이/e (212).jpg,종이
이미지/종이/e (213).jpg,종이
이미지/종이/e (214).jpg,종이
이미지/종이/e (215).jpg,종이
이미지/종이/e (216).jpg,종이
이미지/종이/e (217).jpg,종이
이미지/종이/e (218).jpg,종이
이미지/종이/e (219).jpg,종이
이미지/종이/e (220).jpg,종이
이미지/종이/e (221).jpg,종이
이미지/종이/e (222).jpg,종이
이미지/종이/e (223).jpg,종이
이미지/종이/e (224).jpg,종이
이미지/종이/e (225).jpg,종이
이미지/종이/e (226).jpg,종이
이미지/종이/e (227).jpg,종이
이미지/종이/e (228).jpg,종이
이미지/종이/e (229).jpg,종이
이미지/종이/e (230).jpg,종이
이미지/종이/e (231).jpg,종이
이미지/종이/e (232).jpg,종이
이미지/종이/e (233).jpg,종이
이미지/종이/e (234).jpg,종이
이미지/종이/e (235).jpg,종이
이미지/종이/e (236).jpg,종이
이미지/종이/e (237).jpg,종이
이미지/종이/e (238).jpg,종이
이미지/종이/e (239).jpg,종이
이미지/종이/e (240).jpg,종이
이미지/종이/e (241).jpg,종이
이미지/종이/e (242).jpg,종이
이미지/종이/e (243).jpg,종이
이미지/종이/e (244).jpg,종이
이미지/종이/e (245).jpg,종이
이미지/종이/e (246).jpg,종이
이미지/종이/e (247).jpg,종이
이미지/종이/e (248).jpg,종이
이미지/종이/e (249).jpg,종이
이미지/종이/e (250).jpg,종이
이미지/유리/f (1).jpg,유리
이미지/유리/f (2).jpg,유리
이미지/유리/f (3).jpg,유리
이미지/유리/f (4).jpg,유리
이미지/유리/f (5).jpg,유리
이미지/유리/f (6).jpg,유리
이미지/유리/f (7).jpg,유리
이미지/유리/f (8).jpg,유리
이미지/유리/f (9).jpg,유리
이미지/유리/f (10).jpg,유리
이미지/유리/f (11).jpg,유리
이미지/유리/f (12).jpg,유리
이미지/유리/f (13).jpg,유리
이미지/유리/f (14).jpg,유리
이미지/유리/f (15).jpg,유리
이미지/유리/f (16).jpg,유리
이미지/유리/f (17).jpg,유리
이미지/유리/f (18).jpg,유리
이미지/유리/f (19).jpg,유리
이미지/유리/f (20).jpg,유리
이미지/유리/f (21).jpg,유리
이미지/유리/f (22).jpg,유리
이미지/유리/f (23).jpg,유리
이미지/유리/f (24).jpg,유리
이미지/유리/f (25).jpg,유리
이미지/유리/f (26).jpg,유리
이미지/유리/f (27).jpg,유리
이미지/유리/f (28).jpg,유리
이미지/유리/f (29).jpg,유리
이미지/유리/f (30).jpg,유리
이미지/유리/f (31).jpg,유리
이미지/유리/f (32).jpg,유리
이미지/유리/f (33).jpg,유리
이미지/유리/f (34).jpg,유리
이미지/유리/f (35).jpg,유리
이미지/유리/f (36).jpg,유리
이미지/유리/f (37).jpg,유리
이미지/유리/f (38).jpg,유리
이미지/유리/f (39).jpg,유리
이미지/유리/f (40).jpg,유리
이미지/유리/f (41).jpg,유리
이미지/유리/f (42).jpg,유리
이미지/유리/f (43).jpg,유리
이미지/유리/f (44).jpg,유리
이미지/유리/f (45).jpg,유리
이미지/유리/f (46).jpg,유리
이미지/유리/f (47).jpg,유리
이미지/유리/f (48).jpg,유리
이미지/유리/f (49).jpg,유리
이미지/유리/f (50).jpg,유리
이미지/유리/f (51).jpg,유리
이미지/유리/f (52).jpg,유리
이미지/유리/f (53).jpg,유리
이미지/유리/f (54).jpg,유리
이미지/유리/f (55).jpg,유리
이미지/유리/f (56).jpg,유리
이미지/유리/f (57).jpg,유리
이미지/유리/f (58).jpg,유리
이미지/유리/f (59).jpg,유리
이미지/유리/f (60).jpg,유리
이미지/유리/f (61).jpg,유리
이미지/유리/f (62).jpg,유리
이미지/유리/f (63).jpg,유리
이미지/유리/f (64).jpg,유리
이미지/유리/f (65).jpg,유리
이미지/유리/f (66).jpg,유리
이미지/유리/f (67).jpg,유리
이미지/유리/f (68).jpg,유리
이미지/유리/f (69).jpg,유리
이미지/유리/f (70).jpg,유리
이미지/유리/f (71).jpg,유리
이미지/유리/f (72).jpg,유리
이미지/유리/f (73).jpg,유리
이미지/유리/f (74).jpg,유리
이미지/유리/f (75).jpg,유리
이미지/유리/f (76).jpg,유리
이미지/유리/f (77).jpg,유리
이미지/유리/f (78).jpg,유리
이미지/유리/f (79).jpg,유리
이미지/유리/f (80).jpg,유리
이미지/유리/f (81).jpg,유리
이미지/유리/f (82).jpg,유리
이미지/유리/f (83).jpg,유리
이미지/유리/f (84).jpg,유리
이미지/유리/f (85).jpg,유리
이미지/유리/f (86).jpg,유리
이미지/유리/f (87).jpg,유리
이미지/유리/f (88).jpg,유리
이미지/유리/f (89).jpg,유리
이미지/유리/f (90).jpg,유리
이미지/유리/f (91).jpg,유리
이미지/유리/f (92).jpg,유리
이미지/유리/f (93).jpg,유리
이미지/유리/f (94).jpg,유리
이미지/유리/f (95).jpg,유리
이미지/유리/f (96).jpg,유리
이미지/유리/f (97).jpg,유리
이미지/유리/f (98).jpg,유리
이미지/유리/f (99).jpg,유리
이미지/유리/f (100).jpg,유리
이미지/유리/f (101).jpg,유리
이미지/유리/f (102).jpg,유리
이미지/유리/f (103).jpg,유리
이미지/유리/f (104).jpg,유리
이미지/유리/f (105).jpg,유리
이미지/유리/f (106).jpg,유리
이미지/유리/f (107).jpg,유리
이미지/유리/f (108).jpg,유리
이미지/유리/f (109).jpg,유리
이미지/유리/f (110).jpg,유리
이미지/유리/f (111).jpg,유리
이미지/유리/f (112).jpg,유리
이미지/유리/f (113).jpg,유리
이미지/유리/f (114).jpg,유리
이미지/유리/f (115).jpg,유리
이미지/유리/f (116).jpg,유리
이미지/유리/f (117).jpg,유리
이미지/유리/f (118).jpg,유리
이미지/유리/f (119).jpg,유리
이미지/유리/f (120).jpg,유리
이미지/유리/f (121).jpg,유리
이미지/유리/f (122).jpg,유리
이미지/유리/f (123).jpg,유리
이미지/유리/f (124).jpg,유리
이미지/유리/f (125).jpg,유리
이미지/유리/f (126).jpg,유리
이미지/유리/f (127).jpg,유리
이미지/유리/f (128).jpg,유리
이미지/유리/f (129).jpg,유리
이미지/유리/f (130).jpg,유리
이미지/유리/f (131).jpg,유리
이미지/유리/f (132).jpg,유리
이미지/유리/f (133).jpg,유리
이미지/유리/f (134).jpg,유리
이미지/유리/f (135).jpg,유리
이미지/유리/f (136).jpg,유리
이미지/유리/f (137).jpg,유리
이미지/유리/f (138).jpg,유리
이미지/유리/f (139).jpg,유리
이미지/유리/f (140).jpg,유리
이미지/유리/f (141).jpg,유리
이미지/유리/f (142).jpg,유리
이미지/유리/f (143).jpg,유리
이미지/유리/f (144).jpg,유리
이미지/유리/f (145).jpg,유리
이미지/유리/f (146).jpg,유리
이미지/유리/f (147).jpg,유리
이미지/유리/f (148).jpg,유리
이미지/유리/f (149).jpg,유리
이미지/유리/f (150).jpg,유리
이미지/유리/f (151).jpg,유리
이미지/유리/f (152).jpg,유리
이미지/유리/f (153).jpg,유리
이미지/유리/f (154).jpg,유리
이미지/유리/f (155).jpg,유리
이미지/유리/f (156).jpg,유리
이미지/유리/f (157).jpg,유리
이미지/유리/f (158).jpg,유리
이미지/유리/f (159).jpg,유리
이미지/유리/f (160).jpg,유리
이미지/유리/f (161).jpg,유리
이미지/유리/f (162).jpg,유리
이미지/유리/f (163).jpg,유리
이미지/유리/f (164).jpg,유리
이미지/유리/f (165).jpg,유리
이미지/유리/f (166).jpg,유리
이미지/유리/f (167).jpg,유리
이미지/유리/f (168).jpg,유리
이미지/유리/f (169).jpg,유리
이미지/유리/f (170).jpg,유리
이미지/유리/f (171).jpg,유리
